host,avgRTT,packetLoss,latency,hopCount,bandwidth,psnr,ssim_first,ssim_second,kaynak,kayitboyut,kayip,kayip_orani,type,server,real_mos
75,4.0,10000000.0,31.961797,0.985717,18.451736,67209812.0,67371008.0,-161196.0,-0.239839980507608,1,h10,,,,
87,4.0,10000000.0,24.008528,0.945897,12.667787,67209812.0,66060288.0,1149524.0,1.7103514588018789,1,h10,,,,
101,5.0,10000000.0,21.008091,0.886787,9.461035,67209812.0,62390272.0,4819540.0,7.170887488868441,1,h10,,,,
63,3.0,10000000.0,18.716508,0.827955,7.643567,67209812.0,56098816.0,11110996.0,16.53180639755398,1,h10,,,,
63,4.0,10000000.0,16.372364,0.792841,6.836966,67209812.0,51380224.0,15829588.0,23.55249557906813,1,h10,,,,
76,5.0,10000000.0,16.166816,0.767157,6.329362,67209812.0,47972352.0,19237460.0,28.622993321272794,1,h10,,,,
65,3.0,10000000.0,16.077204,0.748571,5.995849,67209812.0,45350912.0,21858900.0,32.52337619989177,1,h10,,,,
47,2.0,10000000.0,16.317234,0.739895,5.848521,67209812.0,42991616.0,24218196.0,36.03372079064884,1,h10,,,,
45,2.0,10000000.0,16.298696,0.728839,5.667727,67209812.0,40632320.0,26577492.0,39.54406538140592,1,h10,,,,
61,3.0,10000000.0,16.714222,0.720046,5.52913,67209812.0,38010880.0,29198932.0,43.44444826002489,1,h10,,,,
49,2.0,10000000.0,15.84341,0.706072,5.317595,67209812.0,36175872.0,31033940.0,46.17471627505817,1,h10,,,,
62,3.0,10000000.0,15.111779,0.686461,5.037086,67209812.0,34603008.0,32606804.0,48.51494600222955,1,h10,,,,
80,5.0,10000000.0,32.467559,0.986458,18.683199,67209812.0,67371008.0,-161196.0,-0.239839980507608,1,h10,,,,
54,4.0,10000000.0,24.052615,0.949162,12.938112,67209812.0,66060288.0,1149524.0,1.7103514588018789,1,h10,,,,
72,5.0,10000000.0,19.807159,0.876926,9.098342,67209812.0,62390272.0,4819540.0,7.170887488868441,1,h10,,,,
50,4.0,10000000.0,18.439344,0.828376,7.654221,67209812.0,56360960.0,10848852.0,16.14176810969208,1,h10,,,,
74,5.0,10000000.0,17.163509,0.796261,6.909267,67209812.0,51118080.0,16091732.0,23.942533866930024,1,h10,,,,
80,3.0,10000000.0,15.955914,0.762887,6.25044,67209812.0,47972352.0,19237460.0,28.622993321272794,1,h10,,,,
52,2.0,10000000.0,16.234913,0.745251,5.938874,67209812.0,45350912.0,21858900.0,32.52337619989177,1,h10,,,,
54,2.0,10000000.0,16.144137,0.734791,5.764112,67209812.0,42991616.0,24218196.0,36.03372079064884,1,h10,,,,
28,3.0,10000000.0,15.97329,0.725051,5.60748,67209812.0,40632320.0,26577492.0,39.54406538140592,1,h10,,,,
28,2.0,10000000.0,15.81704,0.711668,5.401071,67209812.0,38010880.0,29198932.0,43.44444826002489,1,h10,,,,
78,5.0,10000000.0,15.673081,0.706435,5.322961,67209812.0,36175872.0,31033940.0,46.17471627505817,1,h10,,,,
28,3.0,10000000.0,15.614675,0.692776,5.125452,67209812.0,34603008.0,32606804.0,48.51494600222955,1,h10,,,,
86,4.0,10000000.0,32.857467,0.989101,19.626083,67209812.0,67371008.0,-161196.0,-0.239839980507608,1,h10,,,,
69,3.0,10000000.0,24.127667,0.945261,12.617005,67209812.0,65798144.0,1411668.0,2.1003897466637755,1,h10,,,,
87,4.0,10000000.0,19.850983,0.878934,9.169792,67209812.0,62390272.0,4819540.0,7.170887488868441,1,h10,,,,
96,4.0,10000000.0,17.213136,0.820532,7.460118,67209812.0,56098816.0,11110996.0,16.53180639755398,1,h10,,,,
66,3.0,10000000.0,18.178033,0.800638,7.003586,67209812.0,51118080.0,16091732.0,23.942533866930024,1,h10,,,,
47,2.0,10000000.0,16.121006,0.768637,6.357062,67209812.0,47972352.0,19237460.0,28.622993321272794,1,h10,,,,
46,2.0,10000000.0,15.954647,0.743537,5.909757,67209812.0,45350912.0,21858900.0,32.52337619989177,1,h10,,,,
65,3.0,10000000.0,16.082899,0.733412,5.741599,67209812.0,42729472.0,24480340.0,36.423759078510734,1,h10,,,,
43,2.0,10000000.0,17.038347,0.735476,5.775357,67209812.0,40894464.0,26315348.0,39.154027093544016,1,h10,,,,
94,4.0,10000000.0,16.247713,0.716559,5.475374,67209812.0,38010880.0,29198932.0,43.44444826002489,1,h10,,,,
97,4.0,10000000.0,15.767102,0.702972,5.272031,67209812.0,36175872.0,31033940.0,46.17471627505817,1,h10,,,,
64,3.0,10000000.0,15.15853,0.682844,4.987273,67209812.0,34603008.0,32606804.0,48.51494600222955,1,h10,,,,
75,3.0,10000000.0,33.262472,0.990235,20.103377,67209812.0,67371008.0,-161196.0,-0.239839980507608,1,h10,,,,
100,4.0,10000000.0,20.773614,0.924606,11.226638,67209812.0,65798144.0,1411668.0,2.1003897466637755,1,h10,,,,
87,4.0,10000000.0,20.726285,0.884329,9.367769,67209812.0,62390272.0,4819540.0,7.170887488868441,1,h10,,,,
69,3.0,10000000.0,18.080224,0.828254,7.65113,67209812.0,56098816.0,11110996.0,16.53180639755398,1,h10,,,,
53,2.0,10000000.0,16.695728,0.785894,6.693704,67209812.0,51118080.0,16091732.0,23.942533866930024,1,h10,,,,
50,2.0,10000000.0,15.912527,0.764539,6.280809,67209812.0,47972352.0,19237460.0,28.622993321272794,1,h10,,,,
70,3.0,10000000.0,16.020272,0.742501,5.892242,67209812.0,45350912.0,21858900.0,32.52337619989177,1,h10,,,,
54,2.0,10000000.0,15.993296,0.729219,5.673824,67209812.0,42729472.0,24480340.0,36.423759078510734,1,h10,,,,
100,4.0,10000000.0,15.784762,0.721469,5.551263,67209812.0,40894464.0,26315348.0,39.154027093544016,1,h10,,,,
94,4.0,10000000.0,15.672246,0.709476,5.368176,67209812.0,38273024.0,28936788.0,43.05440997216299,1,h10,,,,
107,4.0,10000000.0,15.331174,0.698254,5.20358,67209812.0,35913728.0,31296084.0,46.56475456292007,1,h10,,,,
81,3.0,10000000.0,15.161065,0.687147,5.046593,67209812.0,34603008.0,32606804.0,48.51494600222955,1,h10,,,,
85,4.0,10000000.0,33.993174,0.990922,20.420266,67209812.0,67371008.0,-161196.0,-0.239839980507608,1,h10,,,,
101,4.0,10000000.0,21.21934,0.930387,11.573089,67209812.0,65798144.0,1411668.0,2.1003897466637755,1,h10,,,,
77,3.0,10000000.0,20.952742,0.88631,9.442794,67209812.0,62390272.0,4819540.0,7.170887488868441,1,h10,,,,
45,2.0,10000000.0,18.273489,0.825897,7.591947,67209812.0,56098816.0,11110996.0,16.53180639755398,1,h10,,,,
49,2.0,10000000.0,16.384164,0.79159,6.810819,67209812.0,51118080.0,16091732.0,23.942533866930024,1,h10,,,,
64,3.0,10000000.0,15.788856,0.760571,6.208228,67209812.0,47710208.0,19499604.0,29.01303160913469,1,h10,,,,
51,2.0,10000000.0,16.055159,0.741398,5.873679,67209812.0,45088768.0,22121044.0,32.91341448775366,1,h10,,,,
86,4.0,10000000.0,16.057944,0.730265,5.690621,67209812.0,42991616.0,24218196.0,36.03372079064884,1,h10,,,,
102,4.0,10000000.0,16.141273,0.720851,5.541645,67209812.0,40632320.0,26577492.0,39.54406538140592,1,h10,,,,
94,4.0,10000000.0,15.745665,0.713829,5.433749,67209812.0,38010880.0,29198932.0,43.44444826002489,1,h10,,,,
63,3.0,10000000.0,15.513628,0.70347,5.279319,67209812.0,35913728.0,31296084.0,46.56475456292007,1,h10,,,,
76,3.0,10000000.0,15.855434,0.694769,5.153709,67209812.0,34603008.0,32606804.0,48.51494600222955,1,h10,,,,
27,3.0,10000000.0,33.597354,0.990156,20.0684,67209812.0,67371008.0,-161196.0,-0.239839980507608,1,h14,,,,
23,3.0,10000000.0,23.925215,0.947295,12.781465,67209812.0,65798144.0,1411668.0,2.1003897466637755,1,h14,,,,
0,2.0,10000000.0,19.947641,0.878034,9.137613,67209812.0,62128128.0,5081684.0,7.560925776730339,1,h14,,,,
21,5.0,10000000.0,18.163303,0.826917,7.617462,67209812.0,56098816.0,11110996.0,16.53180639755398,1,h14,,,,
0,2.0,10000000.0,17.499731,0.798797,6.963661,67209812.0,51118080.0,16091732.0,23.942533866930024,1,h14,,,,
21,3.0,10000000.0,16.229267,0.762376,6.241103,67209812.0,47972352.0,19237460.0,28.622993321272794,1,h14,,,,
23,5.0,10000000.0,15.927875,0.741332,5.872577,67209812.0,45088768.0,22121044.0,32.91341448775366,1,h14,,,,
0,4.0,10000000.0,16.928276,0.739081,5.834936,67209812.0,42729472.0,24480340.0,36.423759078510734,1,h14,,,,
0,4.0,10000000.0,15.988784,0.72265,5.569717,67209812.0,40632320.0,26577492.0,39.54406538140592,1,h14,,,,
18,3.0,10000000.0,16.743823,0.718907,5.511505,67209812.0,38010880.0,29198932.0,43.44444826002489,1,h14,,,,
0,2.0,10000000.0,16.162029,0.70512,5.303545,67209812.0,35913728.0,31296084.0,46.56475456292007,1,h14,,,,
0,1.0,10000000.0,15.044654,0.684461,5.00947,67209812.0,34603008.0,32606804.0,48.51494600222955,1,h14,,,,
66,3.0,10000000.0,32.172948,0.988148,19.26192,67209812.0,67371008.0,-161196.0,-0.239839980507608,1,h14,,,,
45,2.0,10000000.0,24.278291,0.951186,13.114586,67209812.0,66060288.0,1149524.0,1.7103514588018789,1,h14,,,,
74,3.0,10000000.0,20.721894,0.892333,9.679176,67209812.0,62652416.0,4557396.0,6.780849201006543,1,h14,,,,
48,2.0,10000000.0,17.713006,0.819563,7.436742,67209812.0,56360960.0,10848852.0,16.14176810969208,1,h14,,,,
69,3.0,10000000.0,17.42025,0.803111,7.057787,67209812.0,51380224.0,15829588.0,23.55249557906813,1,h14,,,,
51,2.0,10000000.0,15.922191,0.770122,6.385032,67209812.0,48234496.0,18975316.0,28.232955033410896,1,h14,,,,
71,3.0,10000000.0,16.075257,0.74697,5.968286,67209812.0,45613056.0,21596756.0,32.133337912029866,1,h14,,,,
26,1.0,10000000.0,15.891209,0.732995,5.734804,67209812.0,43253760.0,23956052.0,35.643682502786945,1,h14,,,,
52,2.0,10000000.0,16.149111,0.724869,5.604608,67209812.0,41156608.0,26053204.0,38.76398880568212,1,h14,,,,
48,2.0,10000000.0,15.880475,0.719656,5.523091,67209812.0,38535168.0,28674644.0,42.664371684301095,1,h14,,,,
65,3.0,10000000.0,15.642338,0.705562,5.310068,67209812.0,36438016.0,30771796.0,45.78467798719628,1,h14,,,,
24,1.0,10000000.0,15.910591,0.69635,5.176266,67209812.0,34865152.0,32344660.0,48.12490771436766,1,h14,,,,
41,2.0,10000000.0,31.410605,0.985213,18.301146,67209812.0,67371008.0,-161196.0,-0.239839980507608,1,h14,,,,
50,4.0,10000000.0,24.250411,0.947758,12.819833,67209812.0,65798144.0,1411668.0,2.1003897466637755,1,h14,,,,
41,2.0,10000000.0,20.226494,0.888772,9.537864,67209812.0,62652416.0,4557396.0,6.780849201006543,1,h14,,,,
26,3.0,10000000.0,18.371719,0.831906,7.744468,67209812.0,56360960.0,10848852.0,16.14176810969208,1,h14,,,,
0,2.0,10000000.0,17.277798,0.799397,6.976622,67209812.0,51380224.0,15829588.0,23.55249557906813,1,h14,,,,
24,3.0,10000000.0,16.270127,0.769215,6.367934,67209812.0,48234496.0,18975316.0,28.232955033410896,1,h14,,,,
0,1.0,10000000.0,16.164216,0.746771,5.964872,67209812.0,45350912.0,21858900.0,32.52337619989177,1,h14,,,,
0,2.0,10000000.0,16.022102,0.73347,5.74254,67209812.0,42991616.0,24218196.0,36.03372079064884,1,h14,,,,
24,3.0,10000000.0,16.003827,0.721341,5.54927,67209812.0,40632320.0,26577492.0,39.54406538140592,1,h14,,,,
25,3.0,10000000.0,15.899654,0.711375,5.39666,67209812.0,38273024.0,28936788.0,43.05440997216299,1,h14,,,,
51,4.0,10000000.0,15.548695,0.699047,5.21502,67209812.0,36175872.0,31033940.0,46.17471627505817,1,h14,,,,
19,1.0,10000000.0,15.351118,0.691028,5.100816,67209812.0,34865152.0,32344660.0,48.12490771436766,1,h14,,,,
77,3.0,10000000.0,34.428192,0.990778,20.351884,67209812.0,67371008.0,-161196.0,-0.239839980507608,1,h14,,,,
52,2.0,10000000.0,24.788468,0.948111,12.849248,67209812.0,65798144.0,1411668.0,2.1003897466637755,1,h14,,,,
59,3.0,10000000.0,19.921199,0.881965,9.279896,67209812.0,62390272.0,4819540.0,7.170887488868441,1,h14,,,,
52,2.0,10000000.0,18.44363,0.83037,7.704981,67209812.0,56360960.0,10848852.0,16.14176810969208,1,h14,,,,
74,3.0,10000000.0,16.637589,0.790872,6.795872,67209812.0,51118080.0,16091732.0,23.942533866930024,1,h14,,,,
26,1.0,10000000.0,16.022153,0.765888,6.305762,67209812.0,47972352.0,19237460.0,28.622993321272794,1,h14,,,,
52,2.0,10000000.0,16.052732,0.745156,5.937249,67209812.0,45350912.0,21858900.0,32.52337619989177,1,h14,,,,
48,2.0,10000000.0,15.805205,0.724055,5.591779,67209812.0,42991616.0,24218196.0,36.03372079064884,1,h14,,,,
78,3.0,10000000.0,16.224623,0.723451,5.582281,67209812.0,40894464.0,26315348.0,39.154027093544016,1,h14,,,,
103,4.0,10000000.0,15.807349,0.7172,5.485213,67209812.0,38273024.0,28936788.0,43.05440997216299,1,h14,,,,
51,2.0,10000000.0,15.704328,0.708587,5.354917,67209812.0,36175872.0,31033940.0,46.17471627505817,1,h14,,,,
26,1.0,10000000.0,15.247822,0.686384,5.036022,67209812.0,34603008.0,32606804.0,48.51494600222955,1,h14,,,,
49,2.0,10000000.0,35.026055,0.993314,21.748269,67209812.0,67371008.0,-161196.0,-0.239839980507608,1,h14,,,,
69,3.0,10000000.0,21.590017,0.93416,11.815123,67209812.0,65798144.0,1411668.0,2.1003897466637755,1,h14,,,,
49,2.0,10000000.0,20.864405,0.883026,9.319106,67209812.0,62390272.0,4819540.0,7.170887488868441,1,h14,,,,
67,4.0,10000000.0,18.440595,0.831066,7.722827,67209812.0,56098816.0,11110996.0,16.53180639755398,1,h14,,,,
20,1.0,10000000.0,17.369743,0.797741,6.940912,67209812.0,51380224.0,15829588.0,23.55249557906813,1,h14,,,,
46,2.0,10000000.0,16.121752,0.764121,6.273113,67209812.0,47972352.0,19237460.0,28.622993321272794,1,h14,,,,
53,2.0,10000000.0,16.238115,0.74611,5.953538,67209812.0,45350912.0,21858900.0,32.52337619989177,1,h14,,,,
75,3.0,10000000.0,16.222557,0.734094,5.752714,67209812.0,42991616.0,24218196.0,36.03372079064884,1,h14,,,,
65,4.0,10000000.0,17.052092,0.735711,5.779206,67209812.0,40894464.0,26315348.0,39.154027093544016,1,h14,,,,
78,2.0,10000000.0,16.095782,0.716324,5.471771,67209812.0,38273024.0,28936788.0,43.05440997216299,1,h14,,,,
56,3.0,10000000.0,16.550696,0.710475,5.38314,67209812.0,36175872.0,31033940.0,46.17471627505817,1,h14,,,,
28,1.0,10000000.0,15.588232,0.689709,5.082304,67209812.0,34603008.0,32606804.0,48.51494600222955,1,h14,,,,
0,3.0,10000000.0,31.744089,0.989044,19.603572,67209812.0,67371008.0,-161196.0,-0.239839980507608,2,h14,,,,
30,5.0,10000000.0,35.199215,0.994393,22.512929,67209812.0,67371008.0,-161196.0,-0.239839980507608,2,h10,,,,
0,2.0,10000000.0,32.454371,0.98926,19.689829,67209812.0,67108864.0,100948.0,0.1501983073542893,2,h14,,,,
51,5.0,10000000.0,33.735441,0.99071,20.319727,67209812.0,67108864.0,100948.0,0.1501983073542893,2,h10,,,,
0,2.0,10000000.0,28.857236,0.979476,16.877362,67209812.0,65798144.0,1411668.0,2.1003897466637755,2,h14,,,,
53,5.0,10000000.0,26.868639,0.97427,15.895546,67209812.0,65536000.0,1673812.0,2.490428034525673,2,h10,,,,
23,4.0,10000000.0,26.375698,0.967168,14.837003,67209812.0,62390272.0,4819540.0,7.170887488868441,2,h14,,,,
42,4.0,10000000.0,26.410994,0.967494,14.88037,67209812.0,62390272.0,4819540.0,7.170887488868441,2,h10,,,,
24,1.0,10000000.0,25.717104,0.965925,14.675701,67209812.0,60293120.0,6916692.0,10.29119379176362,2,h14,,,,
42,3.0,10000000.0,26.102108,0.96698,14.812204,67209812.0,60293120.0,6916692.0,10.29119379176362,2,h10,,,,
0,2.0,10000000.0,25.450104,0.963409,14.366295,67209812.0,59506688.0,7703124.0,11.461308655349312,2,h14,,,,
30,3.0,10000000.0,21.853184,0.945607,12.644556,67209812.0,59244544.0,7965268.0,11.851346943211208,2,h10,,,,
51,2.0,10000000.0,36.010887,0.995115,23.111283,67209812.0,67371008.0,-161196.0,-0.239839980507608,2,h14,,,,
101,3.0,10000000.0,34.229623,0.992698,21.365694,67209812.0,67371008.0,-161196.0,-0.239839980507608,2,h10,,,,
46,2.0,10000000.0,34.626597,0.992825,21.44206,67209812.0,67108864.0,100948.0,0.1501983073542893,2,h14,,,,
100,4.0,10000000.0,34.707295,0.993384,21.793965,67209812.0,67108864.0,100948.0,0.1501983073542893,2,h10,,,,
49,2.0,10000000.0,28.402085,0.978437,16.662943,67209812.0,66060288.0,1149524.0,1.7103514588018789,2,h14,,,,
54,2.0,10000000.0,26.099773,0.977803,16.53713,67209812.0,66060288.0,1149524.0,1.7103514588018789,2,h10,,,,
26,1.0,10000000.0,26.683765,0.971536,15.45697,67209812.0,62914560.0,4295252.0,6.390810913144645,2,h14,,,,
77,3.0,10000000.0,26.722283,0.970816,15.348499,67209812.0,62914560.0,4295252.0,6.390810913144645,2,h10,,,,
47,2.0,10000000.0,25.854697,0.966112,14.699576,67209812.0,60293120.0,6916692.0,10.29119379176362,2,h14,,,,
123,5.0,10000000.0,25.647687,0.961611,14.157981,67209812.0,60293120.0,6916692.0,10.29119379176362,2,h10,,,,
71,3.0,10000000.0,21.294141,0.94384,12.505753,67209812.0,59506688.0,7703124.0,11.461308655349312,2,h14,,,,
77,3.0,10000000.0,21.231451,0.944354,12.545643,67209812.0,59506688.0,7703124.0,11.461308655349312,2,h10,,,,
73,3.0,10000000.0,36.051472,0.995367,23.341067,67209812.0,67371008.0,-161196.0,-0.239839980507608,2,h14,,,,
95,4.0,10000000.0,34.880802,0.994274,22.421682,67209812.0,67371008.0,-161196.0,-0.239839980507608,2,h10,,,,
77,3.0,10000000.0,36.4324,0.994572,22.65382,67209812.0,67108864.0,100948.0,0.1501983073542893,2,h14,,,,
95,4.0,10000000.0,35.655318,0.994064,22.265037,67209812.0,67108864.0,100948.0,0.1501983073542893,2,h10,,,,
75,3.0,10000000.0,26.094719,0.978179,16.61122,67209812.0,66060288.0,1149524.0,1.7103514588018789,2,h14,,,,
76,3.0,10000000.0,29.473646,0.982426,17.551263,67209812.0,66060288.0,1149524.0,1.7103514588018789,2,h10,,,,
77,3.0,10000000.0,26.220119,0.970102,15.243536,67209812.0,62914560.0,4295252.0,6.390810913144645,2,h14,,,,
46,2.0,10000000.0,27.034497,0.969561,15.165633,67209812.0,62914560.0,4295252.0,6.390810913144645,2,h10,,,,
61,2.0,10000000.0,25.874113,0.965346,14.602495,67209812.0,60293120.0,6916692.0,10.29119379176362,2,h14,,,,
46,2.0,10000000.0,25.858495,0.965094,14.570953,67209812.0,60293120.0,6916692.0,10.29119379176362,2,h10,,,,
70,3.0,10000000.0,20.930618,0.937118,12.014744,67209812.0,59244544.0,7965268.0,11.851346943211208,2,h14,,,,
72,3.0,10000000.0,21.006564,0.940072,12.223728,67209812.0,59244544.0,7965268.0,11.851346943211208,2,h10,,,,
74,3.0,10000000.0,36.670241,0.996023,24.004862,67209812.0,67371008.0,-161196.0,-0.239839980507608,2,h14,,,,
71,4.0,10000000.0,29.940192,0.989524,19.798137,67209812.0,67371008.0,-161196.0,-0.239839980507608,2,h10,,,,
73,3.0,10000000.0,35.687377,0.993667,21.983819,67209812.0,67108864.0,100948.0,0.1501983073542893,2,h14,,,,
52,3.0,10000000.0,35.407406,0.993494,21.867153,67209812.0,67108864.0,100948.0,0.1501983073542893,2,h10,,,,
53,3.0,10000000.0,25.483354,0.972275,15.571287,67209812.0,66060288.0,1149524.0,1.7103514588018789,2,h14,,,,
27,2.0,10000000.0,29.774003,0.983433,17.807671,67209812.0,66060288.0,1149524.0,1.7103514588018789,2,h10,,,,
48,2.0,10000000.0,26.333726,0.970923,15.364435,67209812.0,62914560.0,4295252.0,6.390810913144645,2,h14,,,,
23,2.0,10000000.0,24.648264,0.965447,14.615132,67209812.0,62914560.0,4295252.0,6.390810913144645,2,h10,,,,
72,3.0,10000000.0,24.892236,0.959501,13.925512,67209812.0,60293120.0,6916692.0,10.29119379176362,2,h14,,,,
66,4.0,10000000.0,25.78765,0.964393,14.484698,67209812.0,60293120.0,6916692.0,10.29119379176362,2,h10,,,,
49,2.0,10000000.0,22.130321,0.945984,12.674772,67209812.0,59506688.0,7703124.0,11.461308655349312,2,h14,,,,
48,3.0,10000000.0,21.325693,0.942202,12.380885,67209812.0,59506688.0,7703124.0,11.461308655349312,2,h10,,,,
27,2.0,10000000.0,32.925835,0.994262,22.412306,67209812.0,67371008.0,-161196.0,-0.239839980507608,2,h14,,,,
92,5.0,10000000.0,36.244699,0.994956,22.972474,67209812.0,67371008.0,-161196.0,-0.239839980507608,2,h10,,,,
43,2.0,10000000.0,33.502555,0.991936,20.934722,67209812.0,67108864.0,100948.0,0.1501983073542893,2,h14,,,,
54,2.0,10000000.0,33.041947,0.98947,19.775715,67209812.0,67108864.0,100948.0,0.1501983073542893,2,h10,,,,
26,1.0,10000000.0,25.543402,0.973259,15.72828,67209812.0,65798144.0,1411668.0,2.1003897466637755,2,h14,,,,
66,3.0,10000000.0,28.701312,0.980598,17.121571,67209812.0,65798144.0,1411668.0,2.1003897466637755,2,h10,,,,
25,2.0,10000000.0,27.288162,0.970078,15.240088,67209812.0,62914560.0,4295252.0,6.390810913144645,2,h14,,,,
67,4.0,10000000.0,26.057857,0.970381,15.284285,67209812.0,62914560.0,4295252.0,6.390810913144645,2,h10,,,,
50,5.0,10000000.0,25.778302,0.963391,14.364161,67209812.0,60293120.0,6916692.0,10.29119379176362,2,h14,,,,
80,5.0,10000000.0,25.879678,0.963831,14.416645,67209812.0,60293120.0,6916692.0,10.29119379176362,2,h10,,,,
39,3.0,10000000.0,25.478985,0.961426,14.137032,67209812.0,59244544.0,7965268.0,11.851346943211208,2,h14,,,,
63,3.0,10000000.0,21.097267,0.941235,12.308801,67209812.0,59244544.0,7965268.0,11.851346943211208,2,h10,,,,
60,6.0,10000000.0,23.360686,0.958687,13.839109,67209812.0,64487424.0,2722388.0,4.050581185973262,2,h10,,,,
10,3.0,10000000.0,23.246334,0.948764,12.904287,67209812.0,64487424.0,2722388.0,4.050581185973262,2,h14,,,,
44,5.0,10000000.0,21.72127,0.939521,12.18392,67209812.0,64225280.0,2984532.0,4.440619473835159,2,h10,,,,
39,3.0,10000000.0,21.13784,0.935824,11.926281,67209812.0,64225280.0,2984532.0,4.440619473835159,2,h14,,,,
55,5.0,10000000.0,25.066687,0.947616,12.808014,67209812.0,62390272.0,4819540.0,7.170887488868441,2,h10,,,,
38,3.0,10000000.0,23.787894,0.948739,12.902113,67209812.0,62652416.0,4557396.0,6.780849201006543,2,h14,,,,
49,3.0,10000000.0,24.965869,0.964839,14.539446,67209812.0,62652416.0,4557396.0,6.780849201006543,2,h10,,,,
39,3.0,10000000.0,24.798763,0.963506,14.377749,67209812.0,62652416.0,4557396.0,6.780849201006543,2,h14,,,,
37,2.0,10000000.0,25.78648,0.965376,14.606262,67209812.0,60293120.0,6916692.0,10.29119379176362,2,h10,,,,
20,2.0,10000000.0,25.652694,0.96491,14.548107,67209812.0,60293120.0,6916692.0,10.29119379176362,2,h14,,,,
48,2.0,10000000.0,25.432099,0.962374,14.245112,67209812.0,59506688.0,7703124.0,11.461308655349312,2,h10,,,,
4,1.0,10000000.0,24.305268,0.947722,12.816775,67209812.0,59244544.0,7965268.0,11.851346943211208,2,h14,,,,
167,4.0,10000000.0,32.650863,0.990225,20.098839,67209812.0,67371008.0,-161196.0,-0.239839980507608,2,h10,,,,
69,2.0,10000000.0,25.210043,0.958558,13.825622,67209812.0,66322432.0,887380.0,1.3203131709399811,2,h14,,,,
118,3.0,10000000.0,26.249081,0.969347,15.135278,67209812.0,66846720.0,363092.0,0.5402365952161866,2,h10,,,,
61,2.0,10000000.0,23.100464,0.938201,12.090203,67209812.0,65536000.0,1673812.0,2.490428034525673,2,h14,,,,
167,4.0,10000000.0,25.430961,0.970283,15.269907,67209812.0,65798144.0,1411668.0,2.1003897466637755,2,h10,,,,
82,2.0,10000000.0,24.854666,0.961069,14.097036,67209812.0,65798144.0,1411668.0,2.1003897466637755,2,h14,,,,
100,2.0,10000000.0,22.261501,0.93354,11.774409,67209812.0,62128128.0,5081684.0,7.560925776730339,2,h10,,,,
44,1.0,10000000.0,25.49042,0.966229,14.714576,67209812.0,62914560.0,4295252.0,6.390810913144645,2,h14,,,,
134,3.0,10000000.0,21.248901,0.922842,11.126174,67209812.0,59506688.0,7703124.0,11.461308655349312,2,h10,,,,
145,2.0,10000000.0,24.562451,0.941422,12.32268,67209812.0,59506688.0,7703124.0,11.461308655349312,2,h14,,,,
231,6.0,10000000.0,9.057327,0.479723,2.837656,67209812.0,57671680.0,9538132.0,14.191576670382592,2,h10,,,,
39,1.0,10000000.0,19.724333,0.88964,9.571898,67209812.0,57409536.0,9800276.0,14.58161495824449,2,h14,,,,
136,5.0,10000000.0,31.501684,0.990062,20.026836,67209812.0,67371008.0,-161196.0,-0.239839980507608,2,h10,,,,
89,4.0,10000000.0,35.912278,0.99503,23.036781,67209812.0,67371008.0,-161196.0,-0.239839980507608,2,h14,,,,
137,4.0,10000000.0,34.836609,0.992239,21.100796,67209812.0,67108864.0,100948.0,0.1501983073542893,2,h10,,,,
97,3.0,10000000.0,34.62483,0.992906,21.491093,67209812.0,67108864.0,100948.0,0.1501983073542893,2,h14,,,,
117,3.0,10000000.0,25.812606,0.973659,15.793728,67209812.0,65798144.0,1411668.0,2.1003897466637755,2,h10,,,,
121,3.0,10000000.0,27.37797,0.976594,16.306696,67209812.0,66060288.0,1149524.0,1.7103514588018789,2,h14,,,,
92,2.0,10000000.0,24.930454,0.965151,14.57808,67209812.0,62914560.0,4295252.0,6.390810913144645,2,h10,,,,
75,2.0,10000000.0,26.32785,0.970723,15.334772,67209812.0,62914560.0,4295252.0,6.390810913144645,2,h14,,,,
91,2.0,10000000.0,25.628445,0.965759,14.654586,67209812.0,60555264.0,6654548.0,9.90115550390172,2,h10,,,,
78,3.0,10000000.0,26.051924,0.966899,14.801596,67209812.0,60555264.0,6654548.0,9.90115550390172,2,h14,,,,
142,4.0,10000000.0,25.738636,0.960946,14.083322,67209812.0,59506688.0,7703124.0,11.461308655349312,2,h10,,,,
49,1.0,10000000.0,25.068614,0.960595,14.044472,67209812.0,59506688.0,7703124.0,11.461308655349312,2,h14,,,,
79,3.0,10000000.0,34.523766,0.993741,22.03526,67209812.0,67371008.0,-161196.0,-0.239839980507608,2,h10,,,,
46,2.0,10000000.0,36.420685,0.995962,23.938425,67209812.0,67371008.0,-161196.0,-0.239839980507608,2,h14,,,,
101,4.0,10000000.0,33.415911,0.991567,20.740087,67209812.0,67108864.0,100948.0,0.1501983073542893,2,h10,,,,
51,2.0,10000000.0,34.477134,0.992917,21.498082,67209812.0,67108864.0,100948.0,0.1501983073542893,2,h14,,,,
49,2.0,10000000.0,25.709182,0.971027,15.380065,67209812.0,66060288.0,1149524.0,1.7103514588018789,2,h10,,,,
26,1.0,10000000.0,28.23441,0.977712,16.519349,67209812.0,66060288.0,1149524.0,1.7103514588018789,2,h14,,,,
59,3.0,10000000.0,26.316366,0.965864,14.667912,67209812.0,62914560.0,4295252.0,6.390810913144645,2,h10,,,,
39,2.0,10000000.0,26.289897,0.970464,15.296444,67209812.0,62914560.0,4295252.0,6.390810913144645,2,h14,,,,
101,4.0,10000000.0,25.250634,0.961648,14.162117,67209812.0,60293120.0,6916692.0,10.29119379176362,2,h10,,,,
66,3.0,10000000.0,26.023044,0.966647,14.76864,67209812.0,60293120.0,6916692.0,10.29119379176362,2,h14,,,,
79,4.0,10000000.0,21.820232,0.943874,12.508326,67209812.0,59506688.0,7703124.0,11.461308655349312,2,h10,,,,
23,1.0,10000000.0,25.625768,0.96455,14.503884,67209812.0,59506688.0,7703124.0,11.461308655349312,2,h14,,,,
75,4.0,10000000.0,36.006316,0.99515,23.142274,67209812.0,67371008.0,-161196.0,-0.239839980507608,2,h10,,,,
36,3.0,10000000.0,35.65889,0.994656,22.721044,67209812.0,67371008.0,-161196.0,-0.239839980507608,2,h14,,,,
45,3.0,10000000.0,32.806609,0.990045,20.01971,67209812.0,67108864.0,100948.0,0.1501983073542893,2,h10,,,,
20,3.0,10000000.0,35.514065,0.993754,22.043806,67209812.0,67108864.0,100948.0,0.1501983073542893,2,h14,,,,
32,2.0,10000000.0,25.28229,0.973443,15.758163,67209812.0,65798144.0,1411668.0,2.1003897466637755,2,h10,,,,
7,2.0,10000000.0,25.683999,0.972983,15.683646,67209812.0,65798144.0,1411668.0,2.1003897466637755,2,h14,,,,
32,2.0,10000000.0,25.460504,0.966756,14.782849,67209812.0,62652416.0,4557396.0,6.780849201006543,2,h10,,,,
79,4.0,10000000.0,26.120255,0.967745,14.913987,67209812.0,62652416.0,4557396.0,6.780849201006543,2,h14,,,,
66,4.0,10000000.0,23.589518,0.957144,13.679839,67209812.0,60293120.0,6916692.0,10.29119379176362,2,h10,,,,
47,2.0,10000000.0,25.888742,0.966543,14.755156,67209812.0,60293120.0,6916692.0,10.29119379176362,2,h14,,,,
67,3.0,10000000.0,21.113936,0.940547,12.258231,67209812.0,59244544.0,7965268.0,11.851346943211208,2,h10,,,,
19,1.0,10000000.0,21.313627,0.942332,12.390646,67209812.0,59244544.0,7965268.0,11.851346943211208,2,h14,,,,
102,4.0,10000000.0,33.23362,0.993079,21.598002,67209812.0,67371008.0,-161196.0,-0.239839980507608,3,h10,,,,
57,3.0,10000000.0,34.820163,0.994335,22.467669,67209812.0,67371008.0,-161196.0,-0.239839980507608,3,h14,,,,
42,2.0,10000000.0,31.698655,0.985772,18.468701,67209812.0,67108864.0,100948.0,0.1501983073542893,3,h14,,,,
71,3.0,10000000.0,28.379155,0.978391,16.653615,67209812.0,65536000.0,1673812.0,2.490428034525673,3,h14,,,,
105,4.0,10000000.0,30.289373,0.982408,17.546753,67209812.0,67108864.0,100948.0,0.1501983073542893,3,h10,,,,
127,4.0,10000000.0,28.531411,0.973437,15.757235,67209812.0,65798144.0,1411668.0,2.1003897466637755,3,h10,,,,
99,3.0,10000000.0,26.587329,0.971209,15.407426,67209812.0,62652416.0,4557396.0,6.780849201006543,3,h10,,,,
63,2.0,10000000.0,25.54465,0.96402,14.439331,67209812.0,60293120.0,6916692.0,10.29119379176362,3,h10,,,,
65,2.0,10000000.0,25.414871,0.961558,14.151919,67209812.0,59506688.0,7703124.0,11.461308655349312,3,h10,,,,
60,2.0,10000000.0,24.214883,0.964414,14.487163,67209812.0,62652416.0,4557396.0,6.780849201006543,3,h14,,,,
47,2.0,10000000.0,24.607491,0.960922,14.080703,67209812.0,60293120.0,6916692.0,10.29119379176362,3,h14,,,,
24,1.0,10000000.0,21.632632,0.944814,12.581742,67209812.0,59506688.0,7703124.0,11.461308655349312,3,h14,,,,
96,4.0,10000000.0,25.914508,0.964696,14.521791,67209812.0,66322432.0,887380.0,1.3203131709399811,3,h10,,,,
89,2.0,10000000.0,36.464288,0.995724,23.689519,67209812.0,67371008.0,-161196.0,-0.239839980507608,3,h14,,,,
96,3.0,10000000.0,36.638202,0.994867,22.896315,67209812.0,67108864.0,100948.0,0.1501983073542893,3,h14,,,,
71,2.0,10000000.0,30.316149,0.981703,17.376154,67209812.0,66060288.0,1149524.0,1.7103514588018789,3,h14,,,,
97,4.0,10000000.0,25.002537,0.963459,14.372169,67209812.0,65798144.0,1411668.0,2.1003897466637755,3,h10,,,,
76,3.0,10000000.0,26.386198,0.96129,14.12182,67209812.0,64487424.0,2722388.0,4.050581185973262,3,h10,,,,
50,2.0,10000000.0,26.362065,0.970825,15.349924,67209812.0,62914560.0,4295252.0,6.390810913144645,3,h10,,,,
56,2.0,10000000.0,25.35159,0.960613,14.046426,67209812.0,60293120.0,6916692.0,10.29119379176362,3,h10,,,,
76,3.0,10000000.0,22.02026,0.945709,12.652682,67209812.0,59506688.0,7703124.0,11.461308655349312,3,h10,,,,
72,2.0,10000000.0,26.185658,0.970312,15.274124,67209812.0,62914560.0,4295252.0,6.390810913144645,3,h14,,,,
97,4.0,10000000.0,26.035729,0.968076,14.958855,67209812.0,60555264.0,6654548.0,9.90115550390172,3,h14,,,,
46,1.0,10000000.0,21.452764,0.945197,12.611992,67209812.0,59506688.0,7703124.0,11.461308655349312,3,h14,,,,
67,4.0,10000000.0,35.45852,0.994367,22.492257,67209812.0,67371008.0,-161196.0,-0.239839980507608,3,h10,,,,
73,3.0,10000000.0,36.675886,0.995967,23.943228,67209812.0,67371008.0,-161196.0,-0.239839980507608,3,h14,,,,
47,2.0,10000000.0,35.885869,0.993971,22.197252,67209812.0,67108864.0,100948.0,0.1501983073542893,3,h14,,,,
154,3.0,10000000.0,25.65772,0.975301,16.073242,67209812.0,66060288.0,1149524.0,1.7103514588018789,3,h14,,,,
150,3.0,10000000.0,34.96164,0.99299,21.542792,67209812.0,67108864.0,100948.0,0.1501983073542893,3,h10,,,,
98,2.0,10000000.0,25.904404,0.97604,16.205157,67209812.0,66060288.0,1149524.0,1.7103514588018789,3,h10,,,,
98,2.0,10000000.0,26.033928,0.970264,15.267182,67209812.0,62914560.0,4295252.0,6.390810913144645,3,h10,,,,
147,3.0,10000000.0,25.772975,0.963862,14.420326,67209812.0,60293120.0,6916692.0,10.29119379176362,3,h10,,,,
97,2.0,10000000.0,21.103957,0.941977,12.363977,67209812.0,59244544.0,7965268.0,11.851346943211208,3,h10,,,,
153,3.0,10000000.0,25.604316,0.969785,15.197717,67209812.0,62914560.0,4295252.0,6.390810913144645,3,h14,,,,
152,3.0,10000000.0,25.841098,0.965247,14.590078,67209812.0,60293120.0,6916692.0,10.29119379176362,3,h14,,,,
51,1.0,10000000.0,25.173841,0.961035,14.093285,67209812.0,59244544.0,7965268.0,11.851346943211208,3,h14,,,,
62,3.0,10000000.0,36.588956,0.995972,23.949255,67209812.0,67371008.0,-161196.0,-0.239839980507608,3,h14,,,,
75,4.0,10000000.0,36.638466,0.995991,23.969546,67209812.0,67371008.0,-161196.0,-0.239839980507608,3,h10,,,,
86,4.0,10000000.0,31.9867,0.990722,20.325586,67209812.0,67108864.0,100948.0,0.1501983073542893,3,h10,,,,
64,3.0,10000000.0,25.354396,0.977241,16.428398,67209812.0,66060288.0,1149524.0,1.7103514588018789,3,h10,,,,
68,3.0,10000000.0,24.754179,0.981029,17.219038,67209812.0,67108864.0,100948.0,0.1501983073542893,3,h14,,,,
25,1.0,10000000.0,25.52964,0.975023,16.024605,67209812.0,66060288.0,1149524.0,1.7103514588018789,3,h14,,,,
46,2.0,10000000.0,25.921448,0.968819,15.061133,67209812.0,62652416.0,4557396.0,6.780849201006543,3,h14,,,,
46,2.0,10000000.0,25.91665,0.965227,14.58764,67209812.0,60293120.0,6916692.0,10.29119379176362,3,h14,,,,
63,3.0,10000000.0,12.784862,0.390107,2.14746,67209812.0,2883584.0,64326228.0,95.70957883351912,3,h14,,,,
74,4.0,10000000.0,25.933301,0.967299,14.854326,67209812.0,62914560.0,4295252.0,6.390810913144645,3,h10,,,,
95,4.0,10000000.0,25.77945,0.965154,14.578469,67209812.0,60293120.0,6916692.0,10.29119379176362,3,h10,,,,
75,3.0,10000000.0,25.278239,0.962493,14.25889,67209812.0,59506688.0,7703124.0,11.461308655349312,3,h10,,,,
92,4.0,10000000.0,35.62826,0.99431,22.448972,67209812.0,67371008.0,-161196.0,-0.239839980507608,3,h10,,,,
75,3.0,10000000.0,33.310965,0.991684,20.800917,67209812.0,67371008.0,-161196.0,-0.239839980507608,3,h14,,,,
61,2.0,10000000.0,30.361747,0.985707,18.448729,67209812.0,67108864.0,100948.0,0.1501983073542893,3,h14,,,,
76,3.0,10000000.0,29.307155,0.979532,16.889311,67209812.0,66060288.0,1149524.0,1.7103514588018789,3,h14,,,,
53,2.0,10000000.0,31.092091,0.989642,19.847347,67209812.0,67108864.0,100948.0,0.1501983073542893,3,h10,,,,
74,3.0,10000000.0,27.851324,0.979221,16.823816,67209812.0,66060288.0,1149524.0,1.7103514588018789,3,h10,,,,
51,2.0,10000000.0,23.978618,0.963463,14.37271,67209812.0,62652416.0,4557396.0,6.780849201006543,3,h10,,,,
107,4.0,10000000.0,26.032389,0.966489,14.748132,67209812.0,60293120.0,6916692.0,10.29119379176362,3,h10,,,,
106,4.0,10000000.0,21.088763,0.941153,12.302775,67209812.0,59244544.0,7965268.0,11.851346943211208,3,h10,,,,
53,2.0,10000000.0,26.51924,0.97047,15.297313,67209812.0,62652416.0,4557396.0,6.780849201006543,3,h14,,,,
78,3.0,10000000.0,25.950436,0.966876,14.798536,67209812.0,60293120.0,6916692.0,10.29119379176362,3,h14,,,,
24,1.0,10000000.0,21.256217,0.942517,12.404628,67209812.0,59244544.0,7965268.0,11.851346943211208,3,h14,,,,
97,4.0,10000000.0,35.577943,0.993927,22.165908,67209812.0,67371008.0,-161196.0,-0.239839980507608,3,h10,,,,
45,2.0,10000000.0,36.971542,0.995849,23.818452,67209812.0,67371008.0,-161196.0,-0.239839980507608,3,h14,,,,
68,3.0,10000000.0,34.623233,0.992482,21.238803,67209812.0,67108864.0,100948.0,0.1501983073542893,3,h14,,,,
21,1.0,10000000.0,29.1136,0.981127,17.241564,67209812.0,65798144.0,1411668.0,2.1003897466637755,3,h14,,,,
72,3.0,10000000.0,33.812454,0.991278,20.593676,67209812.0,67108864.0,100948.0,0.1501983073542893,3,h10,,,,
54,2.0,10000000.0,27.319553,0.976593,16.306494,67209812.0,65798144.0,1411668.0,2.1003897466637755,3,h10,,,,
99,4.0,10000000.0,25.92355,0.967449,14.874328,67209812.0,62652416.0,4557396.0,6.780849201006543,3,h10,,,,
96,4.0,10000000.0,25.960307,0.966764,14.783952,67209812.0,60293120.0,6916692.0,10.29119379176362,3,h10,,,,
102,4.0,10000000.0,21.593758,0.945124,12.606149,67209812.0,59244544.0,7965268.0,11.851346943211208,3,h10,,,,
72,3.0,10000000.0,25.653194,0.965944,14.678127,67209812.0,62652416.0,4557396.0,6.780849201006543,3,h14,,,,
48,2.0,10000000.0,25.905182,0.967203,14.841595,67209812.0,60293120.0,6916692.0,10.29119379176362,3,h14,,,,
22,1.0,10000000.0,21.30502,0.943447,12.475454,67209812.0,59244544.0,7965268.0,11.851346943211208,3,h14,,,,
47,2.0,10000000.0,36.419864,0.996162,24.158789,67209812.0,67371008.0,-161196.0,-0.239839980507608,3,h14,,,,
36,2.0,10000000.0,36.488654,0.995646,23.610666,67209812.0,67371008.0,-161196.0,-0.239839980507608,3,h10,,,,
39,2.0,10000000.0,35.799494,0.99428,22.426212,67209812.0,67108864.0,100948.0,0.1501983073542893,3,h10,,,,
64,3.0,10000000.0,29.675746,0.983186,17.743298,67209812.0,66060288.0,1149524.0,1.7103514588018789,3,h10,,,,
52,2.0,10000000.0,36.048793,0.994262,22.412422,67209812.0,67108864.0,100948.0,0.1501983073542893,3,h14,,,,
82,3.0,10000000.0,30.325293,0.984508,18.09887,67209812.0,66060288.0,1149524.0,1.7103514588018789,3,h14,,,,
71,3.0,10000000.0,26.51818,0.970392,15.285941,67209812.0,62914560.0,4295252.0,6.390810913144645,3,h14,,,,
53,2.0,10000000.0,25.868678,0.96801,14.949886,67209812.0,60555264.0,6654548.0,9.90115550390172,3,h14,,,,
78,3.0,10000000.0,21.469678,0.943211,12.45738,67209812.0,59506688.0,7703124.0,11.461308655349312,3,h14,,,,
93,4.0,10000000.0,26.10073,0.970284,15.270097,67209812.0,62914560.0,4295252.0,6.390810913144645,3,h10,,,,
95,4.0,10000000.0,25.691442,0.967467,14.876761,67209812.0,60555264.0,6654548.0,9.90115550390172,3,h10,,,,
70,3.0,10000000.0,21.410236,0.943183,12.4552,67209812.0,59506688.0,7703124.0,11.461308655349312,3,h10,,,,
26,2.0,10000000.0,34.73496,0.994124,22.309125,67209812.0,67371008.0,-161196.0,-0.239839980507608,3,h10,,,,
21,1.0,10000000.0,36.255077,0.995791,23.758707,67209812.0,67371008.0,-161196.0,-0.239839980507608,3,h14,,,,
44,2.0,10000000.0,33.86104,0.991156,20.533647,67209812.0,67108864.0,100948.0,0.1501983073542893,3,h14,,,,
38,2.0,10000000.0,29.092175,0.979538,16.890496,67209812.0,65798144.0,1411668.0,2.1003897466637755,3,h14,,,,
101,4.0,10000000.0,32.942298,0.98998,19.991235,67209812.0,67108864.0,100948.0,0.1501983073542893,3,h10,,,,
94,4.0,10000000.0,29.665302,0.980814,17.170127,67209812.0,66060288.0,1149524.0,1.7103514588018789,3,h10,,,,
96,4.0,10000000.0,25.917027,0.966828,14.792262,67209812.0,62652416.0,4557396.0,6.780849201006543,3,h10,,,,
75,3.0,10000000.0,25.313525,0.964025,14.440014,67209812.0,60293120.0,6916692.0,10.29119379176362,3,h10,,,,
91,4.0,10000000.0,21.594007,0.935671,11.91591,67209812.0,59244544.0,7965268.0,11.851346943211208,3,h10,,,,
61,3.0,10000000.0,26.00008,0.96782,14.924104,67209812.0,62652416.0,4557396.0,6.780849201006543,3,h14,,,,
41,2.0,10000000.0,24.8176,0.962617,14.273268,67209812.0,60293120.0,6916692.0,10.29119379176362,3,h14,,,,
21,1.0,10000000.0,25.443634,0.961238,14.115985,67209812.0,59244544.0,7965268.0,11.851346943211208,3,h14,,,,
47,2.0,10000000.0,35.893155,0.995127,23.122384,67209812.0,67371008.0,-161196.0,-0.239839980507608,3,h10,,,,
47,2.0,10000000.0,36.369726,0.995486,23.454333,67209812.0,67371008.0,-161196.0,-0.239839980507608,3,h14,,,,
61,2.0,10000000.0,34.961067,0.992779,21.414294,67209812.0,67108864.0,100948.0,0.1501983073542893,3,h14,,,,
73,3.0,10000000.0,28.180991,0.980047,16.999858,67209812.0,66060288.0,1149524.0,1.7103514588018789,3,h14,,,,
98,4.0,10000000.0,35.377907,0.993444,21.833442,67209812.0,67108864.0,100948.0,0.1501983073542893,3,h10,,,,
105,4.0,10000000.0,29.889413,0.98336,17.788544,67209812.0,66060288.0,1149524.0,1.7103514588018789,3,h10,,,,
71,3.0,10000000.0,26.843108,0.970943,15.367552,67209812.0,62914560.0,4295252.0,6.390810913144645,3,h10,,,,
96,4.0,10000000.0,25.939628,0.966213,14.712469,67209812.0,60293120.0,6916692.0,10.29119379176362,3,h10,,,,
99,4.0,10000000.0,21.636033,0.943376,12.469984,67209812.0,59506688.0,7703124.0,11.461308655349312,3,h10,,,,
48,2.0,10000000.0,27.371695,0.971003,15.376493,67209812.0,62914560.0,4295252.0,6.390810913144645,3,h14,,,,
71,3.0,10000000.0,26.041669,0.968401,15.003221,67209812.0,60555264.0,6654548.0,9.90115550390172,3,h14,,,,
26,1.0,10000000.0,25.657194,0.963686,14.399206,67209812.0,59506688.0,7703124.0,11.461308655349312,3,h14,,,,
66,3.0,10000000.0,36.480271,0.996034,24.015993,67209812.0,67371008.0,-161196.0,-0.239839980507608,3,h10,,,,
51,2.0,10000000.0,36.938544,0.996023,24.004862,67209812.0,67371008.0,-161196.0,-0.239839980507608,3,h14,,,,
67,4.0,10000000.0,31.620081,0.988547,19.410655,67209812.0,67108864.0,100948.0,0.1501983073542893,3,h14,,,,
70,3.0,10000000.0,29.663732,0.979885,16.964799,67209812.0,66060288.0,1149524.0,1.7103514588018789,3,h14,,,,
103,4.0,10000000.0,31.267453,0.989549,19.808566,67209812.0,67108864.0,100948.0,0.1501983073542893,3,h10,,,,
73,3.0,10000000.0,29.915173,0.980088,17.008935,67209812.0,66060288.0,1149524.0,1.7103514588018789,3,h10,,,,
96,4.0,10000000.0,21.60427,0.871942,8.925926,67209812.0,62914560.0,4295252.0,6.390810913144645,3,h10,,,,
101,4.0,10000000.0,25.966529,0.96698,14.812269,67209812.0,60293120.0,6916692.0,10.29119379176362,3,h10,,,,
65,3.0,10000000.0,21.789075,0.879646,9.195406,67209812.0,59506688.0,7703124.0,11.461308655349312,3,h10,,,,
63,3.0,10000000.0,27.157776,0.970911,15.362705,67209812.0,62914560.0,4295252.0,6.390810913144645,3,h14,,,,
20,1.0,10000000.0,26.111773,0.967597,14.894145,67209812.0,60293120.0,6916692.0,10.29119379176362,3,h14,,,,
25,1.0,10000000.0,21.5152,0.944885,12.587316,67209812.0,59506688.0,7703124.0,11.461308655349312,3,h14,,,,
h1,338.71,0.0,71.0,3.0,10000000.0,32.981295,0.989631,19.842745,67209812.0,67371008,-161196,-0.239839980507608,4.0,h14,
h2,382.271,0.0,76.0,3.0,10000000.0,23.066184,0.964379,14.482938,67209812.0,66584576,625236,0.930274883078084,4.0,h14,
h3,242.515,0.0,52.0,2.0,10000000.0,22.968063,0.95302,13.280886,67209812.0,64749568,2460244,3.660542898111365,4.0,h14,
h4,619.431,0.0,73.0,3.0,10000000.0,34.030495,0.993711,22.014069,67209812.0,67371008,-161196,-0.239839980507608,4.0,h10,
h5,873.184,0.0,51.0,2.0,10000000.0,22.678074,0.934652,11.847687,67209812.0,61079552,6130260,9.121078928177926,4.0,h14,
h7,695.507,0.0,74.0,3.0,10000000.0,19.586712,0.909579,10.437284,67209812.0,58458112,8751700,13.0214618067969,4.0,h14,
h8,465.532,0.0,53.0,2.0,10000000.0,19.319369,0.904699,10.209033,67209812.0,57147392,10062420,14.971653246106388,4.0,h14,
h9,229.798,0.0,52.0,2.0,10000000.0,24.223653,0.975124,16.042187,67209812.0,66846720,363092,0.5402365952161866,4.0,h10,
h11,233.952,0.0,49.0,2.0,10000000.0,30.048704,0.980503,17.100257,67209812.0,65798144,1411668,2.1003897466637755,4.0,h10,
h12,252.105,0.0,52.0,2.0,10000000.0,21.739486,0.912574,10.583594,67209812.0,56360960,10848852,16.14176810969208,4.0,h14,
h13,256.348,0.0,55.0,2.0,10000000.0,27.192994,0.9761,16.216088,67209812.0,63176704,4033108,6.00077262528275,4.0,h10,
h6,286.265,0.0,77.0,3.0,10000000.0,27.403132,0.976883,16.360614,67209812.0,61341696,5868116,8.73104064031603,4.0,h10,
h2,336.342,0.0,75.0,3.0,10000000.0,31.385829,0.988315,19.32365,67209812.0,67371008,-161196,-0.239839980507608,4.0,h14,
h3,206.681,0.0,49.0,2.0,10000000.0,26.814209,0.974658,15.961552,67209812.0,66846720,363092,0.5402365952161866,4.0,h14,
h4,345.367,0.0,76.0,3.0,10000000.0,25.393937,0.951769,13.166719,67209812.0,65011712,2198100,3.270504610249468,4.0,h14,
h5,431.468,0.0,49.0,2.0,10000000.0,20.925128,0.915267,10.71945,67209812.0,60817408,6392404,9.511117216039825,4.0,h14,
h7,961.167,0.0,72.0,3.0,10000000.0,21.104383,0.905163,10.23023,67209812.0,57409536,9800276,14.58161495824449,4.0,h14,
h8,951.432,0.0,60.0,2.0,10000000.0,20.687807,0.894665,9.774272,67209812.0,55574528,11635284,17.31188297327777,4.0,h14,
h9,215.751,0.0,53.0,2.0,10000000.0,37.819047,0.997094,25.366422,67209812.0,67371008,-161196,-0.239839980507608,4.0,h10,
h11,755.545,0.0,35.0,1.0,10000000.0,18.931425,0.878095,9.139775,67209812.0,54525952,12683860,18.87203612472536,4.0,h14,
h12,708.99,0.0,60.0,2.0,10000000.0,18.668876,0.876963,9.099639,67209812.0,53739520,13470292,20.04215098831105,4.0,h14,
h13,219.236,0.0,47.0,2.0,10000000.0,35.325435,0.994367,22.492583,67209812.0,67371008,-161196,-0.239839980507608,4.0,h10,
h1,308.156,0.0,104.0,4.0,10000000.0,33.119524,0.990368,20.1629,67209812.0,66846720,363092,0.5402365952161866,4.0,h10,
h6,256.375,0.0,73.0,3.0,10000000.0,31.839556,0.984913,18.213874,67209812.0,65011712,2198100,3.270504610249468,4.0,h10,
h3,257.513,0.0,34.0,4.0,10000000.0,33.08919,0.99166,20.788177,67209812.0,67371008,-161196,-0.239839980507608,4.0,h14,
h4,286.166,0.0,10.0,4.0,10000000.0,27.227475,0.976234,16.240364,67209812.0,66584576,625236,0.930274883078084,4.0,h14,
h5,219.424,0.0,29.0,2.0,10000000.0,24.817846,0.955992,13.564727,67209812.0,65011712,2198100,3.270504610249468,4.0,h14,
h7,287.751,0.0,43.0,3.0,10000000.0,23.3833,0.939642,12.192616,67209812.0,61341696,5868116,8.73104064031603,4.0,h14,
h8,403.284,0.0,46.0,2.0,10000000.0,21.759726,0.924895,11.243333,67209812.0,58458112,8751700,13.0214618067969,4.0,h14,
h9,375.322,0.0,44.0,2.0,10000000.0,33.292859,0.991439,20.67486,67209812.0,67371008,-161196,-0.239839980507608,4.0,h10,
h11,736.838,0.0,23.0,1.0,10000000.0,21.334932,0.911665,10.538687,67209812.0,56885248,10324564,15.361691533968283,4.0,h14,
h12,635.822,0.0,46.0,2.0,10000000.0,19.027408,0.894869,9.782674,67209812.0,56098816,11110996,16.53180639755398,4.0,h14,
h13,211.836,0.0,49.0,2.0,10000000.0,32.210469,0.989351,19.726957,67209812.0,67108864,100948,0.1501983073542893,4.0,h10,
h1,328.46,0.0,95.0,4.0,10000000.0,25.793464,0.975546,16.116456,67209812.0,66060288,1149524,1.7103514588018789,4.0,h10,
h2,312.824,0.0,97.0,4.0,10000000.0,25.784876,0.968719,15.047141,67209812.0,63176704,4033108,6.00077262528275,4.0,h10,
h6,259.814,0.0,75.0,3.0,10000000.0,27.711054,0.977927,16.56144,67209812.0,61341696,5868116,8.73104064031603,4.0,h10,
h4,256.756,0.0,124.0,3.0,10000000.0,34.488372,0.994416,22.530866,67209812.0,67371008,-161196,-0.239839980507608,4.0,h10,
h5,279.72,0.0,79.0,2.0,10000000.0,31.316984,0.98709,18.890641,67209812.0,67371008,-161196,-0.239839980507608,4.0,h14,
h7,262.316,0.0,66.0,3.0,10000000.0,22.555458,0.946046,12.679731,67209812.0,66584576,625236,0.930274883078084,4.0,h14,
h8,282.372,0.0,50.0,2.0,10000000.0,22.769672,0.929094,11.49317,67209812.0,64225280,2984532,4.440619473835159,4.0,h14,
h9,245.172,0.0,54.0,2.0,10000000.0,31.723925,0.988129,19.255181,67209812.0,67371008,-161196,-0.239839980507608,4.0,h10,
h11,880.97,0.0,25.0,1.0,10000000.0,20.796442,0.905017,10.223522,67209812.0,60293120,6916692,10.29119379176362,4.0,h14,
h12,1023.48,0.0,50.0,2.0,10000000.0,19.040082,0.888121,9.512511,67209812.0,56885248,10324564,15.361691533968283,4.0,h14,
h13,927.943,0.0,80.0,2.0,10000000.0,19.311446,0.878704,9.161542,67209812.0,55312384,11897428,17.70192126113967,4.0,h14,
h1,964.41,0.0,100.0,4.0,10000000.0,20.782901,0.886558,9.452279,67209812.0,54263808,12946004,19.262074412587257,4.0,h14,
h2,310.496,0.0,103.0,4.0,10000000.0,30.414899,0.98415,17.999619,67209812.0,66584576,625236,0.930274883078084,4.0,h10,
h3,372.078,0.0,127.0,5.0,10000000.0,29.914169,0.981208,17.26032,67209812.0,64487424,2722388,4.050581185973262,4.0,h10,
h6,373.894,0.0,48.0,1.0,10000000.0,18.658627,0.872925,8.959391,67209812.0,53215232,13994580,20.822227564034847,4.0,h14,
h5,281.935,0.0,50.0,2.0,10000000.0,33.848226,0.992823,21.440765,67209812.0,67371008,-161196,-0.239839980507608,4.0,h14,
h7,258.661,0.0,74.0,3.0,10000000.0,26.744446,0.968155,14.969548,67209812.0,66322432,887380,1.3203131709399811,4.0,h14,
h8,218.79,0.0,69.0,2.0,10000000.0,21.191025,0.920169,10.978306,67209812.0,64225280,2984532,4.440619473835159,4.0,h14,
h9,210.599,0.0,50.0,2.0,10000000.0,35.62228,0.994795,22.835524,67209812.0,67371008,-161196,-0.239839980507608,4.0,h10,
h11,395.54,0.0,24.0,1.0,10000000.0,20.72402,0.906212,10.278516,67209812.0,60030976,7178836,10.681232079625516,4.0,h14,
h12,1008.04,0.0,70.0,2.0,10000000.0,19.341965,0.887561,9.490842,67209812.0,56623104,10586708,15.751729821830182,4.0,h14,
h13,215.335,0.0,48.0,2.0,10000000.0,33.03299,0.990933,20.425576,67209812.0,67108864,100948,0.1501983073542893,4.0,h10,
h1,1135.32,0.0,78.0,3.0,10000000.0,18.704839,0.875454,9.046715,67209812.0,55050240,12159572,18.091959549001565,4.0,h14,
h2,996.12,0.0,82.0,3.0,10000000.0,20.665217,0.885417,9.408813,67209812.0,53739520,13470292,20.04215098831105,4.0,h14,
h3,320.387,0.0,98.0,4.0,10000000.0,30.602148,0.987163,18.915516,67209812.0,66584576,625236,0.930274883078084,4.0,h10,
h4,260.36,0.0,73.0,3.0,10000000.0,31.30423,0.985774,18.469096,67209812.0,64487424,2722388,4.050581185973262,4.0,h10,
h6,542.211,0.0,26.0,1.0,10000000.0,18.490102,0.868653,8.815805,67209812.0,52953088,14256724,21.212265851896746,4.0,h14,
h7,258.106,0.0,48.0,3.0,10000000.0,34.787248,0.992751,21.397497,67209812.0,67371008,-161196,-0.239839980507608,4.0,h14,
h8,204.9,0.0,32.0,2.0,10000000.0,28.331207,0.976237,16.240897,67209812.0,66846720,363092,0.5402365952161866,4.0,h14,
h9,207.703,0.0,60.0,2.0,10000000.0,31.013309,0.991468,20.689415,67209812.0,67371008,-161196,-0.239839980507608,4.0,h10,
h11,205.563,0.0,33.0,1.0,10000000.0,25.643068,0.947224,12.775648,67209812.0,64749568,2460244,3.660542898111365,4.0,h14,
h12,381.28,0.0,86.0,2.0,10000000.0,20.984076,0.909171,10.417763,67209812.0,60555264,6654548,9.90115550390172,4.0,h14,
h13,241.575,0.0,45.0,2.0,10000000.0,34.49783,0.993062,21.587582,67209812.0,67371008,-161196,-0.239839980507608,4.0,h10,
h1,1161.211,0.0,90.0,3.0,10000000.0,19.194304,0.893192,9.713948,67209812.0,57409536,9800276,14.58161495824449,4.0,h14,
h2,1028.907,0.0,71.0,3.0,10000000.0,18.514876,0.883059,9.320328,67209812.0,55312384,11897428,17.70192126113967,4.0,h14,
h3,797.752,0.0,53.0,2.0,10000000.0,20.424987,0.888679,9.534217,67209812.0,54525952,12683860,18.87203612472536,4.0,h14,
h4,256.943,0.0,94.0,3.0,10000000.0,30.722719,0.982526,17.576078,67209812.0,66846720,363092,0.5402365952161866,4.0,h10,
h5,586.811,0.0,53.0,2.0,10000000.0,20.503201,0.885478,9.411094,67209812.0,53477376,13732436,20.43218927617295,4.0,h14,
h6,266.656,0.0,86.0,3.0,10000000.0,27.555477,0.979435,16.868796,67209812.0,64487424,2722388,4.050581185973262,4.0,h10,
h8,203.535,0.0,54.0,2.0,10000000.0,31.621828,0.985405,18.357963,67209812.0,67108864,100948,0.1501983073542893,4.0,h14,
h9,206.918,0.0,94.0,2.0,10000000.0,36.46378,0.996052,24.036675,67209812.0,67371008,-161196,-0.239839980507608,4.0,h10,
h11,167.452,0.0,33.0,1.0,10000000.0,27.717593,0.966769,14.784592,67209812.0,66322432,887380,1.3203131709399811,4.0,h14,
h12,228.947,0.0,58.0,2.0,10000000.0,21.227515,0.91398,10.653991,67209812.0,63963136,3246676,4.830657761697057,4.0,h14,
h13,215.405,0.0,68.0,2.0,10000000.0,35.426807,0.994894,22.918796,67209812.0,67371008,-161196,-0.239839980507608,4.0,h10,
h1,700.561,0.0,82.0,3.0,10000000.0,19.487219,0.888693,9.534783,67209812.0,59768832,7440980,11.071270367487411,4.0,h14,
h2,1099.396,0.0,81.0,3.0,10000000.0,20.223642,0.887347,9.482578,67209812.0,56360960,10848852,16.14176810969208,4.0,h14,
h3,955.082,0.0,59.0,2.0,10000000.0,18.650304,0.870012,8.860968,67209812.0,54263808,12946004,19.262074412587257,4.0,h14,
h4,268.495,0.0,92.0,3.0,10000000.0,31.765964,0.988008,19.211152,67209812.0,66846720,363092,0.5402365952161866,4.0,h10,
h5,994.527,0.0,59.0,2.0,10000000.0,18.373158,0.860765,8.5625,67209812.0,53215232,13994580,20.822227564034847,4.0,h14,
h7,735.925,0.0,80.0,3.0,10000000.0,18.509127,0.861254,8.577794,67209812.0,52166656,15043156,22.38238071548244,4.0,h14,
h6,255.908,0.0,91.0,3.0,10000000.0,31.478303,0.986456,18.682429,67209812.0,64749568,2460244,3.660542898111365,4.0,h10,
h9,686.952,0.0,210.0,4.0,10000000.0,37.71643,0.996955,25.164514,67209812.0,67371008,-161196,-0.239839980507608,4.0,h10,
h11,168.862,0.0,23.0,1.0,10000000.0,36.590834,0.995068,23.069549,67209812.0,67371008,-161196,-0.239839980507608,4.0,h14,
h12,284.308,0.0,116.0,3.0,10000000.0,27.815042,0.973167,15.713285,67209812.0,66846720,363092,0.5402365952161866,4.0,h14,
h13,224.747,0.0,54.0,2.0,10000000.0,36.598299,0.995791,23.757993,67209812.0,67371008,-161196,-0.239839980507608,4.0,h10,
h1,931.288,0.0,79.0,3.0,10000000.0,25.258308,0.95025,13.03203,67209812.0,65011712,2198100,3.270504610249468,4.0,h14,
h2,1082.865,0.0,73.0,3.0,10000000.0,21.069376,0.918553,10.891276,67209812.0,60817408,6392404,9.511117216039825,4.0,h14,
h3,831.839,0.0,49.0,2.0,10000000.0,21.228131,0.905122,10.228346,67209812.0,57409536,9800276,14.58161495824449,4.0,h14,
h4,265.737,0.0,87.0,3.0,10000000.0,35.363022,0.993782,22.063171,67209812.0,67108864,100948,0.1501983073542893,4.0,h10,
h5,695.125,0.0,56.0,2.0,10000000.0,18.784933,0.88293,9.31553,67209812.0,55574528,11635284,17.31188297327777,4.0,h14,
h7,619.169,0.0,76.0,3.0,10000000.0,19.160976,0.876403,9.079938,67209812.0,54525952,12683860,18.87203612472536,4.0,h14,
h8,396.392,0.0,51.0,2.0,10000000.0,20.795235,0.883324,9.330193,67209812.0,53739520,13470292,20.04215098831105,4.0,h14,
h6,266.611,0.0,81.0,3.0,10000000.0,31.864731,0.987657,19.085767,67209812.0,65011712,2198100,3.270504610249468,4.0,h10,
h11,152.167,0.0,25.0,1.0,10000000.0,30.830779,0.991899,20.914869,67209812.0,67371008,-161196,-0.239839980507608,4.0,h14,
h12,210.729,0.0,47.0,2.0,10000000.0,30.085192,0.981447,17.315794,67209812.0,66846720,363092,0.5402365952161866,4.0,h14,
h13,207.33,0.0,41.0,2.0,10000000.0,35.934542,0.995169,23.159754,67209812.0,67371008,-161196,-0.239839980507608,4.0,h10,
h1,310.17,0.0,84.0,4.0,10000000.0,31.573929,0.989178,19.656941,67209812.0,67108864,100948,0.1501983073542893,4.0,h10,
h2,453.142,0.0,72.0,3.0,10000000.0,24.487578,0.950774,13.078071,67209812.0,65011712,2198100,3.270504610249468,4.0,h14,
h3,694.621,0.0,48.0,2.0,10000000.0,19.361345,0.827926,7.642843,67209812.0,61341696,5868116,8.73104064031603,4.0,h14,
h4,265.402,0.0,63.0,3.0,10000000.0,28.189053,0.978976,16.772815,67209812.0,66060288,1149524,1.7103514588018789,4.0,h10,
h5,704.697,0.0,48.0,2.0,10000000.0,19.615214,0.91181,10.5458,67209812.0,58195968,9013844,13.411500094658798,4.0,h14,
h7,477.293,0.0,71.0,3.0,10000000.0,19.111859,0.901435,10.062768,67209812.0,56885248,10324564,15.361691533968283,4.0,h14,
h8,308.375,0.0,49.0,2.0,10000000.0,18.985012,0.898073,9.917093,67209812.0,55836672,11373140,16.921844685415873,4.0,h14,
h9,229.308,0.0,41.0,2.0,10000000.0,26.763197,0.973704,15.801179,67209812.0,63176704,4033108,6.00077262528275,4.0,h10,
h6,274.019,0.0,63.0,3.0,10000000.0,27.817078,0.97796,16.567968,67209812.0,61341696,5868116,8.73104064031603,4.0,h10,
h12,,100.0,61.0,3.0,10000000.0,34.592305,0.992023,20.981393,67209812.0,67371008,-161196,-0.239839980507608,4.0,h14,
h13,236.365,0.0,37.0,2.0,10000000.0,26.921005,0.972799,15.654171,67209812.0,66584576,625236,0.930274883078084,4.0,h14,
h1,821.705,0.0,61.0,3.0,10000000.0,22.112131,0.931603,11.649622,67209812.0,64487424,2722388,4.050581185973262,4.0,h14,
h2,340.316,0.0,66.0,3.0,10000000.0,21.594904,0.913061,10.607829,67209812.0,60293120,6916692,10.29119379176362,4.0,h14,
h3,202.962,0.0,53.0,2.0,10000000.0,20.382103,0.894344,9.761058,67209812.0,56885248,10324564,15.361691533968283,4.0,h14,
h4,803.452,0.0,70.0,3.0,10000000.0,18.068786,0.874556,9.015487,67209812.0,55050240,12159572,18.091959549001565,4.0,h14,
h5,685.203,0.0,46.0,2.0,10000000.0,18.897538,0.872695,8.95153,67209812.0,54001664,13208148,19.652112700449152,4.0,h14,
h7,308.658,0.0,102.0,4.0,10000000.0,36.34037,0.996093,24.081544,67209812.0,67371008,-161196,-0.239839980507608,4.0,h10,
h8,260.507,0.0,84.0,3.0,10000000.0,33.870776,0.993353,21.773683,67209812.0,67371008,-161196,-0.239839980507608,4.0,h10,
h9,206.555,0.0,48.0,2.0,10000000.0,24.953365,0.979965,16.982052,67209812.0,66846720,363092,0.5402365952161866,4.0,h10,
h11,340.127,0.0,21.0,1.0,10000000.0,18.443872,0.866243,8.736821,67209812.0,52953088,14256724,21.212265851896746,4.0,h14,
h6,253.908,0.0,73.0,3.0,10000000.0,31.465814,0.985568,18.406793,67209812.0,65011712,2198100,3.270504610249468,4.0,h10,
h1,335.949,0.0,78.0,3.0,10000000.0,32.129222,0.987596,19.064479,67209812.0,67371008,-161196,-0.239839980507608,5.0,h14,
h2,265.831,0.0,59.0,3.0,10000000.0,24.537209,0.948964,12.921254,67209812.0,65798144,1411668,2.1003897466637755,5.0,h14,
h3,233.839,0.0,52.0,2.0,10000000.0,22.302518,0.91796,10.859746,67209812.0,63438848,3770964,5.610734337420851,5.0,h14,
h4,264.104,0.0,70.0,3.0,10000000.0,38.508493,0.997595,26.189729,67209812.0,67371008,-161196,-0.239839980507608,5.0,h10,
h5,744.869,0.0,54.0,2.0,10000000.0,18.508774,0.871347,8.905792,67209812.0,58982400,8227412,12.241385231073105,5.0,h14,
h7,1423.603,0.0,68.0,3.0,10000000.0,18.298917,0.856336,8.426534,67209812.0,54788096,12421716,18.481997836863464,5.0,h14,
h8,1203.849,0.0,42.0,2.0,10000000.0,17.629671,0.846697,8.144489,67209812.0,52428800,14781012,21.99234242762054,5.0,h14,
h9,222.046,0.0,46.0,2.0,10000000.0,36.011588,0.996028,24.010116,67209812.0,67371008,-161196,-0.239839980507608,5.0,h10,
h11,1165.658,0.0,23.0,1.0,10000000.0,17.461728,0.838144,7.908716,67209812.0,51118080,16091732,23.942533866930024,5.0,h14,
h12,1104.844,0.0,50.0,2.0,10000000.0,17.452214,0.833992,7.798716,67209812.0,49807360,17402452,25.892725306239512,5.0,h14,
h13,202.645,0.0,46.0,2.0,10000000.0,39.557268,0.998378,27.899835,67209812.0,67371008,-161196,-0.239839980507608,5.0,h10,
h6,948.006,0.0,23.0,1.0,10000000.0,17.691612,0.829158,7.674051,67209812.0,48496640,18713172,27.842916745549,5.0,h14,
h2,306.409,0.0,103.0,4.0,10000000.0,34.883831,0.994077,22.27468,67209812.0,67371008,-161196,-0.239839980507608,5.0,h10,
h3,310.281,0.0,99.0,4.0,10000000.0,30.838006,0.988073,19.234707,67209812.0,67108864,100948,0.1501983073542893,5.0,h10,
h4,348.784,0.0,169.0,3.0,10000000.0,33.366665,0.993337,21.763478,67209812.0,67371008,-161196,-0.239839980507608,5.0,h14,
h5,267.113,0.0,140.0,2.0,10000000.0,30.350822,0.987455,19.015278,67209812.0,67108864,100948,0.1501983073542893,5.0,h14,
h7,503.57,0.0,218.0,3.0,10000000.0,28.299186,0.978466,16.668793,67209812.0,65798144,1411668,2.1003897466637755,5.0,h14,
h8,461.827,0.0,145.0,2.0,10000000.0,24.930248,0.9655,14.621787,67209812.0,62652416,4557396,6.780849201006543,5.0,h14,
h9,308.324,0.0,174.0,2.0,10000000.0,29.27681,0.978576,16.691016,67209812.0,65798144,1411668,2.1003897466637755,5.0,h10,
h11,206.449,0.0,56.0,2.0,10000000.0,25.322175,0.966802,14.788874,67209812.0,62652416,4557396,6.780849201006543,5.0,h10,
h12,215.993,0.0,57.0,2.0,10000000.0,25.815376,0.963865,14.420713,67209812.0,60293120,6916692,10.29119379176362,5.0,h14,
h13,229.773,0.0,56.0,2.0,10000000.0,21.320942,0.941756,12.347484,67209812.0,59244544,7965268,11.851346943211208,5.0,h14,
h1,343.931,0.0,113.0,4.0,10000000.0,26.00247,0.965989,14.683769,67209812.0,60293120,6916692,10.29119379176362,5.0,h10,
h6,266.172,0.0,107.0,3.0,10000000.0,21.442598,0.943461,12.476538,67209812.0,59244544,7965268,11.851346943211208,5.0,h10,
h3,205.081,0.0,49.0,2.0,10000000.0,36.73332,0.996042,24.025379,67209812.0,67371008,-161196,-0.239839980507608,5.0,h14,
h4,264.854,0.0,175.0,3.0,10000000.0,36.263093,0.995569,23.535021,67209812.0,67371008,-161196,-0.239839980507608,5.0,h10,
h5,319.385,0.0,125.0,4.0,10000000.0,34.342324,0.992319,21.146015,67209812.0,67108864,100948,0.1501983073542893,5.0,h10,
h7,323.033,0.0,112.0,4.0,10000000.0,26.542192,0.978934,16.764249,67209812.0,66322432,887380,1.3203131709399811,5.0,h10,
h8,500.798,0.0,48.0,2.0,10000000.0,30.903747,0.984457,18.084559,67209812.0,66846720,363092,0.5402365952161866,5.0,h14,
h9,874.478,0.0,71.0,3.0,10000000.0,26.176198,0.966253,14.717599,67209812.0,65273856,1935956,2.88046632238757,5.0,h14,
h11,573.436,0.0,23.0,1.0,10000000.0,21.955944,0.940285,12.23916,67209812.0,61865984,5343828,7.950964064592235,5.0,h14,
h12,483.959,0.0,49.0,2.0,10000000.0,22.247883,0.937871,12.067032,67209812.0,58720256,8489556,12.631423518935003,5.0,h14,
h13,372.747,0.0,50.0,2.0,10000000.0,19.119873,0.911476,10.52941,67209812.0,57409536,9800276,14.58161495824449,5.0,h14,
h1,325.97,0.0,124.0,4.0,10000000.0,27.972713,0.976617,16.310911,67209812.0,63438848,3770964,5.610734337420851,5.0,h10,
h2,310.82,0.0,114.0,4.0,10000000.0,26.575831,0.969912,15.216007,67209812.0,61341696,5868116,8.73104064031603,5.0,h10,
h6,191.814,0.0,24.0,1.0,10000000.0,19.983632,0.904736,10.210716,67209812.0,56623104,10586708,15.751729821830182,5.0,h14,
h4,336.068,0.0,97.0,3.0,10000000.0,35.417063,0.995537,23.503665,67209812.0,67371008,-161196,-0.239839980507608,5.0,h14,
h5,315.227,0.0,92.0,4.0,10000000.0,36.313761,0.995295,23.274635,67209812.0,67371008,-161196,-0.239839980507608,5.0,h10,
h7,318.009,0.0,102.0,4.0,10000000.0,29.041879,0.984016,17.963168,67209812.0,66846720,363092,0.5402365952161866,5.0,h10,
h8,254.937,0.0,46.0,2.0,10000000.0,29.663373,0.983641,17.862515,67209812.0,66846720,363092,0.5402365952161866,5.0,h14,
h9,388.335,0.0,56.0,2.0,10000000.0,29.983633,0.981222,17.263424,67209812.0,66060288,1149524,1.7103514588018789,5.0,h10,
h11,479.288,0.0,25.0,1.0,10000000.0,30.138917,0.980895,17.188465,67209812.0,66060288,1149524,1.7103514588018789,5.0,h14,
h12,361.887,0.0,47.0,2.0,10000000.0,26.574642,0.971415,15.438625,67209812.0,62914560,4295252,6.390810913144645,5.0,h14,
h13,227.77,0.0,45.0,2.0,10000000.0,26.025747,0.967976,14.945251,67209812.0,60555264,6654548,9.90115550390172,5.0,h14,
h1,316.528,0.0,104.0,4.0,10000000.0,27.120821,0.971866,15.507697,67209812.0,62914560,4295252,6.390810913144645,5.0,h10,
h2,321.11,0.0,103.0,4.0,10000000.0,26.114156,0.968109,14.963276,67209812.0,60555264,6654548,9.90115550390172,5.0,h10,
h3,335.019,0.0,91.0,4.0,10000000.0,25.411171,0.963072,14.326487,67209812.0,59506688,7703124,11.461308655349312,5.0,h10,
h6,164.675,0.0,23.0,1.0,10000000.0,21.152726,0.94254,12.406322,67209812.0,59506688,7703124,11.461308655349312,5.0,h14,
h5,285.99,0.0,46.0,2.0,10000000.0,34.889525,0.993106,21.615337,67209812.0,67371008,-161196,-0.239839980507608,5.0,h14,
h7,345.798,0.0,72.0,3.0,10000000.0,26.236045,0.965776,14.65666,67209812.0,66584576,625236,0.930274883078084,5.0,h14,
h8,236.562,0.0,52.0,2.0,10000000.0,21.236361,0.916535,10.78494,67209812.0,64225280,2984532,4.440619473835159,5.0,h14,
h9,213.259,0.0,52.0,2.0,10000000.0,39.759246,0.998446,28.084555,67209812.0,67371008,-161196,-0.239839980507608,5.0,h10,
h11,644.232,0.0,26.0,1.0,10000000.0,18.654886,0.884509,9.374511,67209812.0,59768832,7440980,11.071270367487411,5.0,h14,
h12,1268.681,0.0,51.0,2.0,10000000.0,17.895871,0.867516,8.778364,67209812.0,55836672,11373140,16.921844685415873,5.0,h14,
h13,1140.128,0.0,45.0,2.0,10000000.0,19.607582,0.87253,8.945937,67209812.0,53739520,13470292,20.04215098831105,5.0,h14,
h1,314.889,0.0,105.0,4.0,10000000.0,32.585635,0.992655,21.34011,67209812.0,67371008,-161196,-0.239839980507608,5.0,h10,
h2,307.915,0.0,105.0,4.0,10000000.0,34.156396,0.993762,22.049873,67209812.0,67371008,-161196,-0.239839980507608,5.0,h10,
h3,1109.673,0.0,46.0,2.0,10000000.0,17.94722,0.852821,8.321539,67209812.0,52166656,15043156,22.38238071548244,5.0,h14,
h4,1001.067,0.0,74.0,3.0,10000000.0,19.330339,0.859672,8.528572,67209812.0,50855936,16353876,24.33257215479192,5.0,h14,
h6,785.636,0.0,23.0,1.0,10000000.0,17.54894,0.844774,8.090367,67209812.0,50069504,17140308,25.50268701837761,5.0,h14,
h7,258.012,0.0,70.0,3.0,10000000.0,30.298054,0.98124,17.267661,67209812.0,67108864,100948,0.1501983073542893,5.0,h14,
h8,207.479,0.0,47.0,2.0,10000000.0,24.999136,0.953053,13.283923,67209812.0,66060288,1149524,1.7103514588018789,5.0,h14,
h9,205.653,0.0,43.0,2.0,10000000.0,39.783083,0.998489,28.207368,67209812.0,67371008,-161196,-0.239839980507608,5.0,h10,
h11,222.877,0.0,26.0,1.0,10000000.0,22.259644,0.912907,10.600169,67209812.0,63438848,3770964,5.610734337420851,5.0,h14,
h12,486.955,0.0,51.0,2.0,10000000.0,20.020708,0.883783,9.347309,67209812.0,58982400,8227412,12.241385231073105,5.0,h14,
h13,450.879,0.0,42.0,2.0,10000000.0,39.783083,0.998489,28.207368,67209812.0,67371008,-161196,-0.239839980507608,5.0,h10,
h1,1464.325,0.0,74.0,3.0,10000000.0,19.191404,0.867866,8.789839,67209812.0,55050240,12159572,18.091959549001565,5.0,h14,
h2,1235.894,0.0,66.0,3.0,10000000.0,17.389787,0.847885,8.178291,67209812.0,52953088,14256724,21.212265851896746,5.0,h14,
h3,1277.136,0.0,51.0,2.0,10000000.0,19.094952,0.847145,8.157215,67209812.0,51118080,16091732,23.942533866930024,5.0,h14,
h4,259.52,0.0,67.0,3.0,10000000.0,40.575799,0.998532,28.333885,67209812.0,67371008,-161196,-0.239839980507608,5.0,h10,
h5,1128.148,0.0,50.0,2.0,10000000.0,17.703142,0.831052,7.72246,67209812.0,49807360,17402452,25.892725306239512,5.0,h14,
h6,960.149,0.0,26.0,1.0,10000000.0,17.778247,0.82617,7.598756,67209812.0,48758784,18451028,27.452878457687103,5.0,h14,
h8,217.241,0.0,32.0,2.0,10000000.0,40.676241,0.998547,28.377098,67209812.0,67371008,-161196,-0.239839980507608,5.0,h14,
h9,207.2,0.0,44.0,2.0,10000000.0,32.365959,0.988381,19.348463,67209812.0,67371008,-161196,-0.239839980507608,5.0,h10,
h11,226.455,0.0,77.0,2.0,10000000.0,24.594308,0.950391,13.044387,67209812.0,66060288,1149524,1.7103514588018789,5.0,h10,
h12,219.435,0.0,48.0,2.0,10000000.0,39.179496,0.998309,27.719358,67209812.0,67371008,-161196,-0.239839980507608,5.0,h14,
h13,686.752,0.0,78.0,2.0,10000000.0,22.576234,0.922405,11.101681,67209812.0,63438848,3770964,5.610734337420851,5.0,h10,
h1,1447.852,0.0,133.0,4.0,10000000.0,20.954782,0.892532,9.687208,67209812.0,58982400,8227412,12.241385231073105,5.0,h10,
h2,1425.181,0.0,128.0,4.0,10000000.0,19.12494,0.869073,8.829714,67209812.0,55312384,11897428,17.70192126113967,5.0,h10,
h3,1470.489,0.0,158.0,5.0,10000000.0,17.69849,0.85237,8.30824,67209812.0,53215232,13994580,20.822227564034847,5.0,h10,
h4,308.618,0.0,97.0,4.0,10000000.0,32.251627,0.992349,21.162874,67209812.0,67371008,-161196,-0.239839980507608,5.0,h14,
h5,1351.333,0.0,128.0,4.0,10000000.0,18.094514,0.848108,8.184657,67209812.0,51642368,15567444,23.16245729120623,5.0,h10,
h7,1288.161,0.0,127.0,4.0,10000000.0,17.612216,0.842804,8.035576,67209812.0,50331648,16878164,25.11264873051572,5.0,h10,
h6,1265.248,0.0,121.0,3.0,10000000.0,18.026302,0.842004,8.013537,67209812.0,49283072,17926740,26.672801881963306,5.0,h10,
h9,377.92,0.0,36.0,4.0,10000000.0,28.393442,0.973309,15.736432,67209812.0,67108864,100948,0.1501983073542893,5.0,h14,
h11,169.064,0.0,22.0,1.0,10000000.0,20.531773,0.918263,10.875823,67209812.0,65798144,1411668,2.1003897466637755,5.0,h14,
h12,249.38,0.0,46.0,2.0,10000000.0,20.054717,0.883453,9.334989,67209812.0,61865984,5343828,7.950964064592235,5.0,h14,
h13,431.122,0.0,22.0,2.0,10000000.0,18.094725,0.824329,7.55301,67209812.0,55836672,11373140,16.921844685415873,5.0,h14,
h1,1436.073,0.0,59.0,3.0,10000000.0,17.567244,0.800711,7.005167,67209812.0,51380224,15829588,23.55249557906813,5.0,h14,
h2,1355.443,0.0,60.0,3.0,10000000.0,16.543836,0.773841,6.455866,67209812.0,48496640,18713172,27.842916745549,5.0,h14,
h3,1198.444,0.0,38.0,2.0,10000000.0,16.224605,0.751774,6.051525,67209812.0,45875200,21334612,31.74329962416797,5.0,h14,
h4,1319.317,0.0,73.0,3.0,10000000.0,16.017026,0.740476,5.858227,67209812.0,43253760,23956052,35.643682502786945,5.0,h14,
h5,1268.22,0.0,46.0,2.0,10000000.0,16.160878,0.729352,5.675948,67209812.0,41156608,26053204,38.76398880568212,5.0,h14,
h7,1242.986,0.0,67.0,3.0,10000000.0,15.944137,0.723395,5.581406,67209812.0,38797312,28412500,42.2743333964392,5.0,h14,
h8,1123.714,0.0,48.0,2.0,10000000.0,15.854193,0.719822,5.525657,67209812.0,36962304,30247508,45.00460141147248,5.0,h14,
h6,801.748,0.0,19.0,1.0,10000000.0,15.683726,0.700047,5.22947,67209812.0,35127296,32082516,47.73486942650576,5.0,h14,
h11,153.672,0.0,24.0,1.0,10000000.0,30.451438,0.980807,17.168606,67209812.0,67108864,100948,0.1501983073542893,5.0,h14,
h12,210.575,0.0,44.0,2.0,10000000.0,24.919923,0.949827,12.995299,67209812.0,65798144,1411668,2.1003897466637755,5.0,h14,
h13,207.855,0.0,36.0,2.0,10000000.0,39.750864,0.998349,27.822763,67209812.0,67371008,-161196,-0.239839980507608,5.0,h10,
h1,383.44,0.0,65.0,3.0,10000000.0,20.149305,0.885332,9.405563,67209812.0,62914560,4295252,6.390810913144645,5.0,h14,
h2,836.478,0.0,66.0,3.0,10000000.0,19.272985,0.854372,8.367543,67209812.0,57671680,9538132,14.191576670382592,5.0,h14,
h3,1387.637,0.0,43.0,2.0,10000000.0,17.076139,0.819932,7.445634,67209812.0,52953088,14256724,21.212265851896746,5.0,h14,
h4,1411.236,0.0,70.0,3.0,10000000.0,16.627917,0.801478,7.021923,67209812.0,50331648,16878164,25.11264873051572,5.0,h14,
h5,1441.431,0.0,45.0,2.0,10000000.0,16.60481,0.784014,6.655738,67209812.0,48496640,18713172,27.842916745549,5.0,h14,
h7,1242.842,0.0,66.0,3.0,10000000.0,16.838402,0.779631,6.568485,67209812.0,46399488,20810324,30.963223048444178,5.0,h14,
h8,1225.807,0.0,48.0,2.0,10000000.0,16.801725,0.77222,6.424836,67209812.0,44564480,22645332,33.69349106347746,5.0,h14,
h9,205.45,0.0,54.0,2.0,10000000.0,39.783083,0.998489,28.207368,67209812.0,67371008,-161196,-0.239839980507608,5.0,h10,
h6,1199.75,0.0,23.0,1.0,10000000.0,16.704392,0.764869,6.286894,67209812.0,42467328,24742484,36.81379736637263,5.0,h14,
h12,351.327,0.0,18.0,3.0,10000000.0,35.084545,0.992972,21.531444,67209812.0,67371008,-161196,-0.239839980507608,5.0,h10,
h13,213.16,0.0,21.0,2.0,10000000.0,22.700008,0.963023,14.320703,67209812.0,66584576,625236,0.930274883078084,5.0,h10,
h1,317.434,0.0,163.0,4.0,10000000.0,24.551407,0.949574,12.973497,67209812.0,64749568,2460244,3.660542898111365,5.0,h10,
h2,418.651,0.0,137.0,3.0,10000000.0,32.687911,0.990774,20.349777,67209812.0,67371008,-161196,-0.239839980507608,5.0,h14,
h3,988.67,0.0,167.0,4.0,10000000.0,21.277492,0.920512,10.996983,67209812.0,61341696,5868116,8.73104064031603,5.0,h10,
h4,972.166,0.0,131.0,3.0,10000000.0,21.73313,0.917883,10.855669,67209812.0,58195968,9013844,13.411500094658798,5.0,h10,
h5,772.795,0.0,167.0,4.0,10000000.0,18.711817,0.893371,9.721241,67209812.0,56623104,10586708,15.751729821830182,5.0,h10,
h7,263.3,0.0,137.0,3.0,10000000.0,32.540209,0.989776,19.903722,67209812.0,67108864,100948,0.1501983073542893,5.0,h14,
h8,207.281,0.0,98.0,2.0,10000000.0,29.869176,0.982736,17.628571,67209812.0,65798144,1411668,2.1003897466637755,5.0,h14,
h9,279.384,0.0,136.0,3.0,10000000.0,24.257385,0.969372,15.138872,67209812.0,63176704,4033108,6.00077262528275,5.0,h14,
h11,158.819,0.0,49.0,1.0,10000000.0,25.217083,0.971851,15.50533,67209812.0,61341696,5868116,8.73104064031603,5.0,h14,
h6,285.289,0.0,123.0,3.0,10000000.0,21.103228,0.902499,10.10992,67209812.0,55836672,11373140,16.921844685415873,5.0,h10,

