host,avgRTT,packetLoss,latency,hopCount,bandwidth,psnr,ssim_first,ssim_second,kaynak,kayitboyut,kayip,kayip_orani,h10gelen,h10giden,h10toplam,h14gelen,h14giden,h14toplam,type,server,tahmin_mos,real_mos
h7,258.305,0.0,64,3,10000000,32.497785,0.987272,18.95224,67209812,67371008,-161196,0.0,9746,1041430,1051176,9774,1046860,1056634,6,h14,0,4
h8,221.283,0.0,40,2,10000000,25.858796,0.963395,14.364558,67209812,66322432,887380,1.5601531514475893,10698,1047640,2109514,1917520,1058092,4032246,6,h14,[4.30576841],4
h9,280.149,0.0,62,3,10000000,21.589305,0.918842,10.906686,67209812,63963136,3246676,5.070497742204665,11664,1055366,3176544,5922754,1077567,11032567,6,h14,[4.01532466],3
h11,215.956,0.0,45,2,10000000,36.507699,0.996039,24.022245,67209812,67371008,-161196,0.0,12630,1066302,4255476,11962986,1106125,24101678,6,h10,[3.97113222],5
h12,331.428,0.0,65,3,10000000,34.859543,0.994015,22.229087,67209812,67108864,100948,0.3900382878618973,1420026,1083418,6758920,18242840,1136073,43480591,6,h10,[3.89867304],5
h13,362.006,0.0,50,2,10000000,26.456587,0.979742,16.934075,67209812,66322432,887380,1.5601531514475893,4942406,1113736,12815062,24545242,1170211,69196044,6,h10,[3.78352905],4
h21,1387.443,0.0,72,3,10000000,19.207339,0.879303,9.183023,67209812,59244544,7965268,12.091186923718816,10578808,1149972,24543842,30889408,1200929,101286381,6,h14,[3.8077107],2
h22,1233.474,0.0,64,3,10000000,19.306582,0.865745,8.720692,67209812,54788096,12421716,18.72183781737107,16871860,1188926,42604628,39075712,1238475,141600568,6,h14,[3.75064531],2
h23,1300.515,0.0,50,2,10000000,17.475392,0.840159,7.963116,67209812,52166656,15043156,22.622220695990045,23166730,1233560,67004918,49323194,1286095,192209857,6,h14,[3.63189341],2
h1,1280.86,0.0,72,3,10000000,17.330431,0.826014,7.594864,67209812,50331648,16878164,25.352488711023323,29457964,1287948,97750830,61750518,1342793,255303168,6,h14,[3.14276714],2
h2,1128.301,0.0,64,3,10000000,17.090824,0.815424,7.338249,67209812,48758784,18451028,27.692718438194703,35701000,1351618,134803448,76227394,1408871,332939433,6,h14,[2.99215843],2
h3,1132.285,0.0,50,2,10000000,17.087473,0.810875,7.232505,67209812,47185920,20023892,30.03294816536609,42045886,1424500,178273834,92818828,1485594,427243855,6,h14,[2.91272625],2
h4,469.224,0.0,79,3,10000000,26.333471,0.975684,16.141056,67209812,63700992,3508820,5.460536030066562,48285286,1501346,228060466,111296388,1562509,540102752,6,h10,[2.93203285],4
h5,950.303,0.0,49,2,10000000,17.017543,0.80172,7.027207,67209812,45613056,21596756,32.37317789253748,55987192,1598844,285646502,129967726,1647809,671718287,6,h14,[2.70737855],2
h6,447.831,0.0,74,3,10000000,27.535345,0.976886,16.361302,67209812,61341696,5868116,8.970880620823637,64324790,1704934,351676226,149110160,1737873,822566320,6,h10,[2.79938175],4
h8,206.075,0.0,43,2,10000000,33.251989,0.989242,19.682822,67209812,67371008,-161196,0.0,9774,1045740,1055514,9748,1092372,1102120,6,h14,0,4
h9,259.368,0.0,66,3,10000000,26.168077,0.965829,14.663364,67209812,66584576,625236,1.170114863585692,10656,1053172,2119342,1932920,1107041,4142081,6,h14,[4.27909786],4
h11,211.584,0.0,47,2,10000000,36.532683,0.996106,24.095702,67209812,67371008,-161196,0.0,11622,1055330,3186294,5870358,1126983,11139422,6,h10,[3.91626174],5
h12,272.517,0.0,68,3,10000000,34.493935,0.99353,21.890847,67209812,67108864,100948,0.3900382878618973,1436296,1063070,5685660,10108376,1147411,22395209,6,h10,[3.93036056],5
h13,239.387,0.0,50,2,10000000,30.944561,0.987117,18.899729,67209812,66584576,625236,1.170114863585692,4954850,1080680,11721190,14272560,1160511,37828280,6,h10,[3.79724627],4
h21,1180.141,0.0,74,3,10000000,22.840018,0.92959,11.523634,67209812,63963136,3246676,5.070497742204665,10579618,1112206,23413014,18518314,1177194,57523788,6,h14,[3.96281412],3
h22,1276.576,0.0,62,3,10000000,18.765035,0.876369,9.07872,67209812,59244544,7965268,12.091186923718816,16870852,1148969,41432835,24582114,1205578,83311480,6,h14,[3.86516333],2
h23,1310.036,0.0,49,2,10000000,18.664023,0.852877,8.323188,67209812,54525952,12683860,19.11187610523297,23163904,1194620,65791359,32771960,1243586,117327026,6,h14,[3.66920566],2
h1,1296.548,0.0,74,3,10000000,17.381916,0.839854,7.954844,67209812,52166656,15043156,22.622220695990045,29456956,1248458,96496773,43067252,1291122,161685400,6,h14,[3.43736605],2
h2,1130.676,0.0,62,3,10000000,17.292535,0.828354,7.653658,67209812,50593792,16616020,24.962450423161428,35699992,1311936,133508701,55431420,1347978,218464798,6,h14,[3.31173423],2
h3,1093.004,0.0,49,2,10000000,17.055465,0.815016,7.328649,67209812,48758784,18451028,27.692718438194703,41993044,1384966,176886711,69896492,1414186,289775476,6,h14,[3.04455272],2
h4,257.945,0.0,73,3,10000000,27.719478,0.978545,16.684777,67209812,63700992,3508820,5.460536030066562,48284348,1467144,226638203,86456462,1488636,377720574,6,h10,[2.82222679],4
h5,1130.158,0.0,50,2,10000000,17.022101,0.807494,7.155552,67209812,47185920,20023892,30.03294816536609,55986254,1555894,284180351,103176800,1561512,482458886,6,h14,[2.90273378],2
h7,853.634,0.0,69,3,10000000,17.139556,0.800622,7.003233,67209812,45875200,21334612,31.983139604675586,64445780,1655832,350281963,121914490,1645525,606018901,6,h14,[2.55712347],2
h6,411.078,0.0,72,3,10000000,24.513531,0.968939,15.077812,67209812,61341696,5868116,8.970880620823637,72708666,1760550,424751179,140796026,1735141,748550068,6,h10,[2.71481415],4
h9,255.685,0.0,73,3,10000000,33.090273,0.988653,19.451162,67209812,67371008,-161196,0.0,9830,485473,495303,10004,478997,489001,6,h14,0,4
h11,155.958,0.0,26,1,10000000,26.718831,0.968381,15.000525,67209812,66322432,887380,1.5601531514475893,10782,490990,997075,1902130,490740,2881871,6,h14,[4.29936171],4
h12,483.641,0.0,71,3,10000000,37.969849,0.997472,25.972684,67209812,67371008,-161196,0.0,11748,492956,1501779,5902872,510058,9294801,6,h10,[4.00921355],5
h13,462.532,0.0,51,2,10000000,22.116971,0.914747,10.692878,67209812,63700992,3508820,5.460536030066562,1419750,500496,3422025,10077210,530416,19902427,6,h14,[3.84593733],3
h21,1438.583,0.0,68,3,10000000,19.249863,0.861143,8.574336,67209812,57933824,9275988,14.041378363028304,3535356,512094,7469475,16231356,559832,36693615,6,h14,[3.81927342],2
h22,1321.391,0.0,67,3,10000000,17.025756,0.822518,7.50846,67209812,52953088,14256724,21.45210583240436,5633684,702781,13805940,24407644,938124,62039383,6,h14,[3.8248317],2
h23,332.801,0.0,94,4,10000000,37.110759,0.996327,24.349517,67209812,67371008,-161196,0.0,7732082,5223151,26761173,34640070,5730558,102410011,6,h10,[3.88938155],5
h1,1339.856,0.0,68,3,10000000,16.787574,0.806826,7.140506,67209812,50331648,16878164,25.352488711023323,11254724,14328395,52344292,45155904,15092379,162658294,6,h14,[3.62663638],2
h2,1290.536,0.0,67,3,10000000,16.959547,0.793334,6.847308,67209812,48234496,18975316,28.472795013918507,15445650,27968447,95758389,57532262,28992418,249182974,6,h14,[3.33949491],2
h3,1186.17,0.0,47,2,10000000,16.759932,0.78069,6.589412,67209812,46137344,21072468,31.593101316813684,19641340,46189997,161589726,72075994,47461840,368720808,6,h14,[3.0558987],2
h4,263.251,0.0,70,3,10000000,34.395884,0.992618,21.318255,67209812,67108864,100948,0.3900382878618973,23806026,69043655,254439407,88553156,70691513,527965477,6,h10,[2.79016807],5
h5,1256.587,0.0,51,2,10000000,16.337651,0.761961,6.233522,67209812,44302336,22907476,34.32336933184696,29409964,96375515,380224886,105322948,98241480,731529905,6,h14,[2.72693487],2
h7,1051.921,0.0,78,3,10000000,16.729749,0.754465,6.098864,67209812,41943040,25266772,37.83371392260404,35661586,127824077,543710549,123715320,129939922,985185147,6,h14,[2.47227595],2
h8,399.518,0.0,78,3,10000000,32.005948,0.986693,18.759051,67209812,65011712,2198100,3.510344590757076,41996068,163494916,749201533,143090556,166198388,1294474091,6,h10,[2.58410121],4
h6,1229.562,0.0,26,1,10000000,16.529616,0.74994,6.019553,67209812,40370176,26839636,40.173943649775424,49643410,203509436,1002354379,162417260,206372032,1663263383,6,h14,[2.52218675],2
h11,153.268,0.0,14,1,10000000,35.441523,0.994367,22.492819,67209812,67371008,-161196,0.0,9956,1939953,1949909,9832,1722223,1732055,6,h14,0,5
h12,204.948,0.0,47,2,10000000,28.256131,0.97464,15.958515,67209812,66584576,625236,1.170114863585692,10908,1946387,3907204,1890204,1733021,5355280,6,h14,[4.28519666],4
h13,212.688,0.0,61,2,10000000,35.683051,0.994276,22.423202,67209812,67371008,-161196,0.0,11874,1948563,5867641,5902700,1752837,13010817,6,h10,[3.90668208],5
h21,330.201,0.0,118,4,10000000,23.025186,0.968847,15.064951,67209812,66846720,363092,0.7800765757237946,1437154,1956103,9260898,10118614,1773195,24902626,6,h10,[3.94455877],4
h22,540.934,0.0,92,3,10000000,23.576827,0.937565,12.045693,67209812,64487424,2722388,4.29042116648087,4961760,1973653,16196311,14335280,1794411,41032317,6,h14,[3.81111687],3
h23,979.707,0.0,127,4,10000000,25.104269,0.963432,14.368978,67209812,65273856,1935956,3.1203063028951785,9157450,1998500,27352261,20401732,1827164,63261213,6,h10,[3.97612965],4
h1,1260.307,0.0,94,3,10000000,21.246455,0.909721,10.44414,67209812,60555264,6654548,10.14099548440933,15081734,2026252,44460247,26818412,1858190,91937815,6,h14,[3.88129087],3
h2,1110.682,0.0,92,3,10000000,20.308408,0.897515,9.893412,67209812,57147392,10062420,15.211493226613996,21066794,2061490,67588531,34889714,1904010,128731539,6,h14,[3.70730507],3
h3,964.302,0.0,67,2,10000000,20.24999,0.890443,9.60361,67209812,55312384,11897428,17.941761241647274,27359846,2106094,97054471,45169838,1959870,175861247,6,h14,[3.5411118],3
h4,270.656,0.0,84,3,10000000,23.598696,0.950264,13.033283,67209812,61865984,5343828,8.190804045099844,33563270,2160468,132778209,57438812,2024136,235324195,6,h10,[3.13727878],4
h5,632.758,0.0,67,2,10000000,18.714076,0.875057,9.032869,67209812,54263808,12946004,19.501914393094864,41369658,2223674,176371541,70136004,2100996,307561195,6,h14,[2.87568384],2
h7,532.228,0.0,84,3,10000000,20.124687,0.879767,9.199756,67209812,53215232,13994580,21.06206754454245,49690960,2296938,228359439,84608338,2185648,394355181,6,h14,[2.70512836],2
h8,306.657,0.0,76,3,10000000,22.417037,0.933096,11.745476,67209812,58720256,8489556,12.871263499442612,58081374,2371616,288812429,101124256,2276862,497756299,6,h10,[2.90857964],3
h9,307.618,0.0,50,2,10000000,21.735387,0.927687,11.407844,67209812,57409536,9800276,14.8214549387521,67815228,2464321,359091978,117785000,2371141,617912440,6,h10,[3.09900667],3
h6,263.821,0.0,94,3,10000000,19.74391,0.913005,10.605057,67209812,56623104,10586708,15.991569802337793,79707434,2563753,441363165,134535684,2470823,754918947,6,h10,[2.62304149],3
h12,203.83,0.0,48,2,10000000,35.641561,0.994738,22.788561,67209812,67371008,-161196,0.0,9830,803737,813567,9648,804065,813713,6,h14,0,5
h13,203.252,0.0,55,2,10000000,36.639971,0.996014,23.994688,67209812,67371008,-161196,0.0,10782,806553,1630902,1912338,814471,3540522,6,h10,[4.33029088],5
h21,343.238,0.0,72,3,10000000,26.07108,0.96258,14.268991,67209812,66584576,625236,1.170114863585692,1524498,814981,3970381,4026210,825519,8392251,6,h14,[3.93947215],4
h22,339.991,0.0,72,3,10000000,23.706874,0.928201,11.438826,67209812,64225280,2984532,4.680459454342768,3634108,825959,8430448,8093244,844617,17330112,6,h14,[3.7973647],3
h23,531.065,0.0,106,4,10000000,35.475514,0.993766,22.052018,67209812,67108864,100948,0.3900382878618973,5633700,837187,14901335,14123552,874285,32327949,6,h10,[3.86898652],5
h1,1395.765,0.0,72,3,10000000,20.671128,0.899683,9.986244,67209812,60030976,7178836,10.921072060133124,9199786,863068,24964189,20457632,913884,53699465,6,h14,[3.96941018],3
h2,1209.34,0.0,72,3,10000000,19.360221,0.881065,9.246898,67209812,55836672,11373140,17.16168466592348,13351120,891580,39206889,28609758,961044,83270267,6,h14,[3.85304091],3
h3,1196.794,0.0,52,2,10000000,19.807765,0.874943,9.02892,67209812,54001664,13208148,19.891952680956763,17545598,927134,57679621,38840044,1017287,123127598,6,h14,[3.76157709],2
h4,1198.892,0.0,80,3,10000000,17.598404,0.85469,8.377048,67209812,52428800,14781012,22.232182408128143,21707944,972356,80359921,51212424,1083434,175423456,6,h14,[3.5139595],2
h5,860.933,0.0,56,2,10000000,18.022319,0.852141,8.301518,67209812,51380224,15829588,23.792335559575736,25936978,1026422,107323321,65814780,1158770,242397006,6,h14,[3.2213061],2
h7,859.045,0.0,70,3,10000000,17.815742,0.850621,8.257097,67209812,50331648,16878164,25.352488711023323,30129116,1187874,138640311,82395936,1494104,326287046,6,h14,[2.81640036],2
h8,285.096,0.0,79,3,10000000,29.238823,0.980514,17.10283,67209812,66060288,1149524,1.9501914393094864,34284952,4784833,177710096,100700906,5343396,432331348,6,h10,[2.97772495],4
h9,249.921,0.0,54,2,10000000,26.113955,0.968293,14.988397,67209812,62914560,4295252,6.630650893652254,39856310,11918132,229484538,119386302,12705576,564423226,6,h10,[3.16127046],4
h11,223.837,0.0,54,2,10000000,26.074718,0.967508,14.882266,67209812,60555264,6654548,10.14099548440933,47542658,22558501,299585697,137864258,23545855,725833339,6,h10,[3.10245375],4
h6,501.404,0.0,80,3,10000000,21.314738,0.943432,12.474324,67209812,59506688,7703124,11.70114863585692,57329328,36874194,393789219,156683112,38051769,920568220,6,h10,[2.68978857],3
h13,214.417,0.0,47,2,10000000,32.780867,0.989047,19.60465,67209812,67108864,100948,0.3900382878618973,9788,1814734,1824522,9664,1813516,1823180,6,h14,0,4
h21,333.575,0.0,92,4,10000000,17.461533,0.74664,5.962613,67209812,60817408,6392404,9.750957196547432,10740,1819877,3655139,1943324,1823712,5590216,6,h10,[4.33522797],2
h22,617.754,0.0,77,3,10000000,26.257879,0.963799,14.412738,67209812,66322432,887380,1.5601531514475893,1489992,1827627,6972758,4036596,1835128,11461940,6,h14,[3.9222549],4
h23,705.527,0.0,54,2,10000000,23.652805,0.935704,11.918138,67209812,64487424,2722388,4.29042116648087,3625584,2014695,12613037,8062618,2208734,21733292,6,h14,[3.8207591],3
h1,1210.463,0.0,103,4,10000000,15.854004,0.689123,5.074119,67209812,58195968,9013844,13.651340075166408,5632676,6492987,24738700,14123638,6926782,42783712,6,h10,[4.00447746],2
h2,1041.205,22.22222222222222,100,4,10000000,15.797577,0.676229,4.897626,67209812,56885248,10324564,15.60153151447589,9155388,15372188,49266276,20429138,16063284,79276134,6,h10,[4.01005438],2
h3,318.638,0.0,97,4,10000000,26.665064,0.97108,15.387999,67209812,62914560,4295252,6.630650893652254,14773574,28746834,92786684,26694644,29672667,135643445,6,h10,[3.67075873],4
h4,879.23,44.44444444444444,79,3,10000000,18.147157,0.757,6.143933,67209812,55050240,12159572,18.331799529509173,22443084,46237498,161467266,32947070,47406039,215996554,6,h10,[3.26853342],2
h5,1302.045,0.0,100,2,10000000,20.93732,0.90021,10.009123,67209812,60030976,7178836,10.921072060133124,32304456,68449076,262220798,39280748,69812907,325090209,6,h14,[3.09710742],3
h7,1217.613,0.0,149,3,10000000,19.903693,0.881097,9.248089,67209812,56098816,11110996,16.771646378061583,42694610,98368953,403284361,47424348,99994339,472508896,6,h14,[2.6218214],3
h8,1229.301,0.0,104,2,10000000,17.679778,0.86203,8.602151,67209812,54263808,12946004,19.501914393094864,53145460,133149400,589579221,57630838,135115529,665255263,6,h14,[2.4888284],2
h9,1187.014,0.0,151,3,10000000,17.651953,0.765594,6.300306,67209812,49020928,18188884,27.30268015033281,63618404,173352986,826550611,70063148,175580941,910899352,6,h14,[2.34832465],2
h11,994.795,0.0,51,1,10000000,17.816212,0.852305,8.306337,67209812,51380224,15829588,23.792335559575736,74103220,217243802,1117897633,84422044,219642537,1214963933,6,h14,[2.45636092],2
h12,284.414,0.0,151,3,10000000,21.992509,0.946595,12.724141,67209812,59506688,7703124,11.70114863585692,84594026,265831891,1468323550,101045128,268419254,1584428315,6,h10,[2.22565217],3
h6,841.689,0.0,49,1,10000000,19.54002,0.860631,8.558345,67209812,50331648,16878164,25.352488711023323,96483204,318055341,1882862095,117754068,320683894,2022866277,6,h14,[2.33537585],2
h21,340.145,0.0,104,3,10000000,32.655098,0.987839,19.150376,67209812,67371008,-161196,0.0,9900,138906,148806,9480,118496,127976,6,h14,0,4
h22,317.497,0.0,103,4,10000000,36.557785,0.995733,23.698457,67209812,67371008,-161196,0.0,10782,141302,300890,1932540,128510,2189026,6,h10,[4.35956956],5
h23,324.144,0.0,97,4,10000000,31.594389,0.98859,19.42706,67209812,67108864,100948,0.3900382878618973,1468838,149210,1918938,4015554,139670,6344250,6,h10,[4.00359532],4
h1,622.654,0.0,104,3,10000000,25.184103,0.955906,13.556201,67209812,66322432,887380,1.5601531514475893,5010630,166720,7096288,6113840,142490,12600580,6,h14,[3.64001827],4
h2,1409.236,0.0,134,3,10000000,23.07765,0.922354,11.098807,67209812,63700992,3508820,5.460536030066562,9156428,193372,16446088,10119144,161683,22881407,6,h14,[4.02148839],3
h3,1217.746,0.0,87,2,10000000,19.864482,0.884139,9.360637,67209812,59244544,7965268,12.091186923718816,13350154,225201,30021443,16206656,200880,39288943,6,h14,[3.93529981],3
h4,285.759,0.0,139,3,10000000,25.673953,0.972635,15.628083,67209812,65798144,1411668,2.340229727171384,17541080,261169,47823692,24380256,248374,63917573,6,h10,[3.86580157],4
h5,1324.62,0.0,86,2,10000000,19.129262,0.875991,9.065463,67209812,55312384,11897428,17.941761241647274,23356988,309081,71489761,32858690,296858,97073121,6,h14,[3.6804847],2
h7,1191.569,0.0,134,3,10000000,17.690521,0.850894,8.265036,67209812,52953088,14256724,21.45210583240436,29455044,359637,101304442,43058956,353518,140485595,6,h14,[3.3559327],2
h8,1008.241,0.0,86,2,10000000,17.463486,0.839827,7.954118,67209812,51380224,15829588,23.792335559575736,35700118,422265,137426825,55433800,418568,196337963,6,h14,[3.17984868],2
h9,1024.563,0.0,135,3,10000000,17.561428,0.834738,7.818272,67209812,50069504,17140308,25.742526998885225,41956586,495301,179878712,69919838,495020,266752821,6,h14,[2.85810321],2
h11,872.559,0.0,38,1,10000000,17.830107,0.826959,7.61851,67209812,48758784,18451028,27.692718438194703,48284474,568765,228731951,86370732,584872,353708425,6,h14,[2.7959527],2
h12,257.068,0.0,144,3,10000000,26.981169,0.970226,15.261662,67209812,62652416,4557396,7.020689181514152,54539732,642189,283913872,104402856,684852,458796133,6,h10,[2.75803849],4
h13,204.273,0.0,97,2,10000000,25.95655,0.966185,14.708936,67209812,60293120,6916692,10.531033772271227,62226616,723856,346864344,123026342,787740,582610215,6,h10,[2.80789316],4
h6,416.782,0.0,145,3,10000000,21.14304,0.940161,12.230192,67209812,59244544,7965268,12.091186923718816,72073852,816176,419754372,141692558,901066,725203839,6,h10,[2.64813491],3
h22,341.269,0.0,69,3,10000000,36.741128,0.995683,23.648017,67209812,67371008,-161196,0.0,9776,101267,111043,9774,104881,114655,6,h14,0,5
h23,313.905,0.0,103,4,10000000,31.827287,0.98379,17.902208,67209812,67371008,-161196,0.0,10658,105278,226979,1928008,115147,2157810,6,h10,[4.35956956],4
h1,324.762,0.0,110,4,10000000,25.4925,0.96009,13.98923,67209812,66584576,625236,1.170114863585692,1449032,112888,1788899,4031204,118157,6307171,6,h10,[4.00604482],4
h2,373.58,0.0,77,3,10000000,22.706416,0.965399,14.609147,67209812,66846720,363092,0.7800765757237946,4960544,129966,6879409,6124622,119797,12551590,6,h14,[3.64225623],4
h3,959.672,0.0,103,4,10000000,22.797795,0.937149,12.01687,67209812,64487424,2722388,4.29042116648087,9154340,157488,16191237,10109256,139125,22799971,6,h10,[4.03595816],3
h4,1040.429,0.0,78,3,10000000,21.551734,0.918568,10.892063,67209812,60293120,6916692,10.531033772271227,14772526,195850,31159613,14311586,170751,37282308,6,h10,[3.9836276],3
h5,407.58,0.0,57,2,10000000,22.634565,0.953459,13.321635,67209812,65011712,2198100,3.510344590757076,22489286,240902,53889801,18482382,209351,55974041,6,h14,[3.86621937],4
h7,426.791,0.0,76,3,10000000,23.802208,0.947196,12.773371,67209812,61603840,5605972,8.58084233296174,30879700,289236,85058737,24602788,255821,80832650,6,h14,[3.5898381],3
h8,261.936,0.0,51,2,10000000,21.577771,0.93257,11.711457,67209812,58720256,8489556,12.871263499442612,39221350,343438,124623525,32730220,312351,113875221,6,h14,[3.58505846],3
h9,820.665,0.0,51,2,10000000,20.198882,0.894311,9.759694,67209812,56885248,10324564,15.60153151447589,47593840,407165,172624530,42989566,378037,157242824,6,h10,[3.56115543],3
h11,621.271,0.0,51,2,10000000,18.30293,0.873398,8.975586,67209812,55050240,12159572,18.331799529509173,57356448,479278,230460256,53385888,448727,211077439,6,h10,[3.4392018],2
h12,210.565,0.0,50,2,10000000,22.084329,0.925301,11.266823,67209812,57147392,10062420,15.211493226613996,69389770,561956,300411982,64069048,528473,275674960,6,h14,[2.97945754],3
h13,377.342,0.0,52,2,10000000,18.26851,0.867071,8.763797,67209812,53739520,13470292,20.28199096881866,81796628,648632,382857242,76230372,610797,352516129,6,h10,[2.63113524],2
h21,286.129,0.0,70,3,10000000,19.280171,0.90369,10.163268,67209812,56098816,11110996,16.771646378061583,95854478,742762,479454482,88935084,711737,442162950,6,h14,[2.42550121],3
h6,278.175,0.0,80,3,10000000,18.524351,0.867071,8.763816,67209812,52690944,14518868,21.842144120266248,110487762,844448,590786692,103352920,811103,546326973,6,h10,[2.35646814],2
h23,285.165,0.0,22,2,10000000,29.727703,0.982676,17.613562,67209812,67371008,-161196,0.0,9942,3016106,3026048,9990,2729999,2739989,6,h14,0,4
h1,352.787,0.0,51,3,10000000,26.325156,0.960451,14.028674,67209812,66584576,625236,1.170114863585692,10824,3018074,6054946,1907624,2739565,7387178,6,h14,[4.16510648],4
h2,326.203,0.0,108,4,10000000,34.122337,0.99028,20.123149,67209812,67371008,-161196,0.0,11790,3025730,9092466,5933834,2758887,16079899,6,h10,[4.05209717],5
h3,404.355,0.0,102,4,10000000,22.082176,0.955002,13.468087,67209812,66584576,625236,1.170114863585692,1462276,3042920,13597662,10118660,2779385,28977944,6,h10,[3.96017293],4
h4,728.24,0.0,84,3,10000000,25.826689,0.961463,14.141267,67209812,65011712,2198100,3.510344590757076,4935754,3073392,21606808,14314308,2796139,46088391,6,h10,[3.83358946],4
h5,1014.364,0.0,63,2,10000000,23.987069,0.938451,12.107792,67209812,64225280,2984532,4.680459454342768,10577968,3110746,35295522,18509512,2808811,67406714,6,h14,[3.95941581],3
h7,966.64,0.0,78,3,10000000,21.347284,0.907137,10.321562,67209812,60030976,7178836,10.921072060133124,16821004,3156142,55272668,24602510,2836609,94845833,6,h14,[3.86704239],3
h8,864.521,0.0,48,2,10000000,20.719575,0.892307,9.678124,67209812,56623104,10586708,15.991569802337793,23078986,3204392,81556046,32684468,2881561,130411862,6,h14,[3.70569287],3
h9,237.173,0.0,52,2,10000000,23.064296,0.942421,12.397384,67209812,61341696,5868116,8.970880620823637,29400188,3257724,114213958,42978800,2939405,176330067,6,h10,[3.57720616],3
h11,254.549,0.0,51,2,10000000,22.031685,0.927281,11.383545,67209812,58458112,8751700,13.261301787304507,37054380,3321788,154590126,53385096,3001797,232716960,6,h10,[3.46496793],3
h12,554.988,0.0,56,2,10000000,20.493674,0.885967,9.429692,67209812,55050240,12159572,18.331799529509173,46865262,3394662,204850050,63925312,3071038,299713310,6,h14,[3.1609369],3
h13,261.75,0.0,53,2,10000000,19.826275,0.902146,10.094194,67209812,57147392,10062420,15.211493226613996,57326402,3471382,265647834,76256502,3144049,379113861,6,h10,[2.8802448],3
h21,446.323,0.0,71,3,10000000,18.60003,0.863484,8.64818,67209812,54001664,13208148,19.891952680956763,69293360,3557550,338498744,89034936,3235765,471384562,6,h14,[2.68814795],2
h22,332.805,0.0,81,3,10000000,18.819258,0.85767,8.467033,67209812,52953088,14256724,21.45210583240436,81787200,3649070,423935014,103416856,3330857,578132275,6,h14,[2.4001537],2
h6,336.49,0.0,79,3,10000000,22.015574,0.913323,10.620958,67209812,56360960,10848852,16.381608090199688,94310220,3750940,521996174,119916828,3432255,701481358,6,h10,[2.47820627],3
h1,343.62,0.0,57,3,10000000,36.057617,0.995108,23.105199,67209812,67371008,-161196,0.0,9984,1725140,1735124,9860,1457236,1467096,6,h14,0,5
h2,312.256,0.0,97,4,10000000,36.415251,0.995336,23.312498,67209812,67371008,-161196,0.0,10866,1727056,3473046,1938436,1466988,4872520,6,h10,[4.36757408],5
h3,324.078,0.0,106,4,10000000,34.654678,0.991885,20.907127,67209812,67108864,100948,0.3900382878618973,1436146,1734596,6643788,4010920,1477966,10361406,6,h10,[3.90904303],5
h4,568.872,0.0,78,3,10000000,26.952505,0.968491,15.015649,67209812,66584576,625236,1.170114863585692,4957576,1751726,13353090,6114262,1481224,17956892,6,h14,[3.65227999],4
h5,648.456,0.0,112,4,10000000,25.699675,0.975828,16.166848,67209812,66060288,1149524,1.9501914393094864,9154548,1781188,24288826,10119496,1502264,29578652,6,h10,[4.04390254],4
h7,1287.893,0.0,74,3,10000000,23.552114,0.930334,11.56982,67209812,64225280,2984532,4.680459454342768,14772734,1817698,40879258,14315256,1524386,45418294,6,h14,[3.98543222],3
h8,274.512,0.0,87,3,10000000,26.949252,0.970631,15.321077,67209812,62914560,4295252,6.630650893652254,21060458,1890450,63830166,20361974,1579264,67359532,6,h10,[3.83204901],4
h9,213.379,0.0,55,2,10000000,26.11783,0.966217,14.713033,67209812,60293120,6916692,10.531033772271227,28715858,1944797,94490821,26680484,1617276,95657292,6,h10,[3.60149663],4
h11,1155.695,0.0,24,1,10000000,21.121145,0.900078,10.00337,67209812,59768832,7440980,11.311110347995022,38513308,2008520,135012649,32907788,1662644,130227724,6,h14,[3.59165463],3
h12,1114.552,0.0,51,2,10000000,18.329685,0.870892,8.890463,67209812,55836672,11373140,17.16168466592348,49044502,2075562,186132713,41163382,1721802,173112908,6,h14,[3.63627748],2
h13,936.968,0.0,43,2,10000000,19.546382,0.872348,8.939723,67209812,53739520,13470292,20.28199096881866,59422840,2143264,247698817,51397210,1785792,226295910,6,h14,[3.53094507],2
h21,980.344,0.0,70,3,10000000,18.421628,0.857558,8.463609,67209812,52428800,14781012,22.232182408128143,69976636,2216744,319892197,63838188,1863084,291997182,6,h14,[2.85243966],2
h22,939.286,0.0,63,3,10000000,18.234495,0.852064,8.299276,67209812,51380224,15829588,23.792335559575736,80454762,2442001,402788960,78379278,2269003,372645463,6,h14,[2.43065711],2
h23,1225.421,0.0,42,2,10000000,19.407312,0.861148,8.574465,67209812,50331648,16878164,25.352488711023323,90936734,6625937,500351631,94852940,6698421,474196824,6,h14,[2.34650538],2
h6,252.909,0.0,85,3,10000000,25.217952,0.960833,14.070787,67209812,59506688,7703124,11.70114863585692,101304534,14833157,616489322,113052352,15206693,602455869,6,h10,[2.37979678],4
h2,636.348,0.0,111,4,10000000,32.400708,0.991883,20.906271,67209812,67371008,-161196,0.0,9648,84059,93707,9564,93419,102983,6,h10,0,5
h3,301.301,0.0,60,2,10000000,32.943246,0.989292,19.703039,67209812,67371008,-161196,0.0,1524220,92435,1710362,10446,95317,208746,6,h14,[4.33911831],4
h4,271.252,0.0,100,3,10000000,34.937399,0.99317,21.655543,67209812,67108864,100948,0.3900382878618973,3533172,103595,5347129,1923750,105330,2237826,6,h10,[3.85740124],5
h5,892.338,0.0,51,2,10000000,26.020967,0.962531,14.263263,67209812,66322432,887380,1.5601531514475893,7055814,120673,12523616,4011590,116455,6365871,6,h14,[3.7416807],4
h7,1327.896,0.0,77,3,10000000,21.015833,0.915532,10.733085,67209812,63963136,3246676,5.070497742204665,11251574,147557,23922747,8026492,136757,14529120,6,h14,[3.96392065],3
h8,257.297,0.0,99,3,10000000,31.295707,0.985261,18.31531,67209812,66322432,887380,1.5601531514475893,15446052,185459,39554258,14094210,168007,28791337,6,h10,[3.98569333],4
h9,1270.936,0.0,99,3,10000000,19.377066,0.883247,9.327309,67209812,58982400,8227412,12.481225211580714,21036386,230481,60821125,20370402,206449,49368188,6,h14,[3.84637583],3
h11,228.818,0.0,63,2,10000000,25.952372,0.969623,15.174589,67209812,63438848,3770964,5.85057431792846,27308486,279327,88408938,28489444,261433,78119065,6,h10,[3.65971603],4
h12,1215.233,0.0,51,2,10000000,19.561595,0.862145,8.605762,67209812,54525952,12683860,19.11187610523297,35029526,333519,123771983,36939472,318997,115377534,6,h14,[3.59044781],2
h13,1149.992,0.0,52,2,10000000,18.948007,0.849844,8.234566,67209812,52166656,15043156,22.622220695990045,43396564,390981,167559528,47174190,385097,162936821,6,h14,[3.57256595],2
h21,1279.039,0.0,84,3,10000000,17.713583,0.826777,7.613944,67209812,50331648,16878164,25.352488711023323,51856090,454395,219870013,59699972,459921,223096714,6,h14,[3.01560088],2
h22,1266.145,0.0,84,3,10000000,17.178629,0.816754,7.369643,67209812,48758784,18451028,27.692718438194703,60246504,688813,280805330,74211340,878577,298186631,6,h14,[2.85692551],2
h23,584.202,0.0,60,2,10000000,16.934032,0.808306,7.17391,67209812,47185920,20023892,30.03294816536609,68570300,4965643,354341273,90686764,5434469,394307864,6,h14,[2.56721939],2
h1,449.357,0.0,133,4,10000000,26.342844,0.970383,15.28465,67209812,61341696,5868116,8.970880620823637,76958290,13485361,444784924,109095932,14267125,517670921,6,h10,[2.35856114],4
h6,1218.694,0.0,25,1,10000000,17.253932,0.799272,6.973911,67209812,45613056,21596756,32.37317789253748,86721808,26298981,557805713,127529498,27335071,672535490,6,h14,[2.37787667],2
h3,287.205,0.0,46,2,10000000,34.72787,0.991345,20.62758,67209812,67371008,-161196,0.0,9446,121892,131338,9368,121491,130859,6,h14,0,5
h4,258.962,0.0,72,3,10000000,27.2966,0.966718,14.77795,67209812,66584576,625236,1.170114863585692,10482,132400,274220,1922588,140078,2193525,6,h14,[4.24261425],4
h5,592.4,0.0,92,4,10000000,33.596111,0.992028,20.984468,67209812,67371008,-161196,0.0,11448,154584,440252,5922460,173872,8289857,6,h10,[4.12269803],5
h7,366.067,0.0,89,4,10000000,33.211727,0.990178,20.077965,67209812,67108864,100948,0.3900382878618973,1437710,185284,2063246,10129014,208355,18627226,6,h10,[3.99893537],5
h8,484.94,0.0,67,3,10000000,30.42034,0.98438,18.063232,67209812,66322432,887380,1.5601531514475893,4959370,225938,7248554,14301700,243006,33171932,6,h10,[3.80500641],4
h9,1315.389,0.0,63,3,10000000,22.736363,0.921589,11.056254,67209812,63963136,3246676,5.070497742204665,10527610,277782,18053946,18488228,288187,51948347,6,h14,[3.96212561],3
h11,218.666,0.0,47,2,10000000,27.492118,0.978709,16.718079,67209812,63700992,3508820,5.460536030066562,16840100,331418,35225464,24529172,340531,76818050,6,h10,[3.84418318],4
h12,1219.976,0.0,40,2,10000000,20.479603,0.88792,9.504728,67209812,59244544,7965268,12.091186923718816,24587438,390870,60203772,30840480,394171,108052701,6,h14,[3.67306884],3
h13,1202.408,0.0,43,2,10000000,18.933716,0.86236,8.612552,67209812,54525952,12683860,19.11187610523297,32911164,459158,93574094,39016622,455559,147524882,6,h14,[3.5629154],2
h21,1255.973,0.0,70,3,10000000,18.825873,0.842996,8.040906,67209812,52166656,15043156,22.622220695990045,41362676,642794,135579564,49377246,760763,197662891,6,h14,[3.34347942],2
h22,1173.002,0.0,62,3,10000000,17.222563,0.825009,7.569842,67209812,50331648,16878164,25.352488711023323,49689568,4134558,189403690,61733944,4607325,264004160,6,h14,[3.10910158],2
h23,1241.8,0.0,46,2,10000000,17.702593,0.822722,7.513441,67209812,48758784,18451028,27.692718438194703,58082364,15162156,262648210,76218468,16054981,356277609,6,h14,[2.77898297],2
h1,1109.508,0.0,70,3,10000000,18.492761,0.81935,7.431622,67209812,47185920,20023892,30.03294816536609,66470424,33684616,362803250,92752718,35107923,484138250,6,h14,[2.48210866],2
h2,1139.102,0.0,62,3,10000000,17.914067,0.781345,6.602411,67209812,45613056,21596756,32.37317789253748,74856456,60325896,497985602,111242004,62256606,657636860,6,h14,[2.38235764],2
h6,265.472,0.0,74,3,10000000,27.749645,0.978528,16.681368,67209812,61603840,5605972,8.58084233296174,83200860,93484616,674671078,130395298,96046566,884078724,6,h10,[2.52599056],4
h5,286.827,0.0,42,2,10000000,33.612522,0.988537,19.406933,67209812,67371008,-161196,0.0,9788,1132999,1142787,9900,1073161,1083061,6,h14,0,4
h7,357.397,0.0,115,5,10000000,21.220972,0.863801,8.658252,67209812,66584576,625236,1.170114863585692,10670,1138194,2291651,1933002,1083637,4099700,6,h10,[4.3392863],2
h8,262.331,0.0,100,3,10000000,33.402311,0.9911,20.506065,67209812,67108864,100948,0.3900382878618973,1437002,2557456,6286109,4005862,2964305,11069867,6,h10,[3.88613608],5
h9,369.622,0.0,54,2,10000000,23.693183,0.93342,11.766557,67209812,64225280,2984532,4.680459454342768,4953898,4669216,15909223,6109316,5077847,22257030,6,h10,[3.8404646],3
h11,407.177,0.0,55,2,10000000,25.962619,0.976449,16.279954,67209812,66060288,1149524,1.9501914393094864,10571520,6805496,33286239,8191912,7171050,37619992,6,h10,[4.07516489],4
h12,580.158,0.0,76,3,10000000,25.79943,0.967002,14.815188,67209812,62914560,4295252,6.630650893652254,18293608,8960041,60539888,10300916,9293373,57214281,6,h10,[3.98784121],4
h13,1221.295,0.0,49,2,10000000,20.771358,0.896112,9.83433,67209812,59768832,7440980,11.311110347995022,28024440,11099027,99663355,12383136,11393907,80991324,6,h14,[3.73782398],3
h21,1311.161,0.0,63,3,10000000,19.222417,0.877412,9.115509,67209812,55836672,11373140,17.16168466592348,38595576,11862039,150120970,16414590,11667183,109073097,6,h14,[3.57152231],2
h22,1259.637,0.0,68,3,10000000,19.489901,0.872545,8.946432,67209812,53739520,13470292,20.28199096881866,49086382,12095811,211303163,22540052,12062235,143675384,6,h14,[3.48090779],2
h23,1031.597,0.0,42,2,10000000,18.165749,0.856151,8.420918,67209812,52428800,14781012,22.232182408128143,59571128,16617719,287492010,30654174,16765697,191095255,6,h14,[3.42451187],2
h1,964.346,0.0,63,3,10000000,17.621621,0.842519,8.027728,67209812,51118080,16091732,24.18237384743763,69975544,25481861,382949415,40935832,25882479,257913566,6,h14,[3.18639166],2
h2,885.964,0.0,68,3,10000000,18.302378,0.856217,8.422921,67209812,52428800,14781012,22.232182408128143,80470890,38919502,502339807,53345952,39537363,350796881,6,h14,[2.91905114],2
h3,732.694,0.0,42,2,10000000,25.686286,0.965367,14.605127,67209812,60293120,6916692,10.531033772271227,90948066,56965521,650253394,67765342,57814537,476376760,6,h14,[2.46776845],4
h4,254.412,0.0,79,3,10000000,22.383904,0.881869,9.276355,67209812,67371008,-161196,0.0,101372852,79721802,831348048,84314296,80922883,641613939,6,h10,[2.27649564],3
h6,615.829,0.0,20,1,10000000,21.47219,0.941806,12.351199,67209812,59506688,7703124,11.70114863585692,113267778,107201684,1051817510,100953968,108535763,851103670,6,h14,[2.29002491],3
h7,427.609,0.0,70,3,10000000,32.872192,0.988763,19.493446,67209812,67371008,-161196,0.0,9900,859394,869294,9942,864912,874854,6,h14,0,4
h8,318.746,0.0,107,3,10000000,35.989111,0.995391,23.363942,67209812,67371008,-161196,0.0,10782,861940,1742016,1885618,874576,3635048,6,h10,[4.3398961],5
h9,589.936,0.0,100,4,10000000,25.023778,0.950214,13.028926,67209812,66060288,1149524,1.9501914393094864,1433680,869550,4045246,4016016,885736,8536800,6,h14,[3.92974401],4
h11,325.832,0.0,73,2,10000000,36.013238,0.994699,22.75683,67209812,67108864,100948,0.3900382878618973,3533784,886498,8465528,7979674,905282,17421756,6,h10,[3.75730085],5
h12,429.639,0.0,98,3,10000000,31.690403,0.988284,19.312205,67209812,66584576,625236,1.170114863585692,7052338,913982,16431848,12206898,926750,30555404,6,h10,[3.98946525],4
h13,1282.843,0.0,54,2,10000000,20.308772,0.89123,9.634908,67209812,62914560,4295252,6.630650893652254,12623454,955787,30011089,16381236,952833,47889473,6,h14,[3.92618676],3
h21,1440.226,0.0,88,3,10000000,17.830592,0.822062,7.497311,67209812,56623104,10586708,15.991569802337793,18968340,1112603,50092032,22484960,1225995,71600428,6,h14,[3.85162912],2
h22,1402.983,0.0,84,3,10000000,16.120984,0.784083,6.657139,67209812,51904512,15305300,23.01225898385194,25263210,4538972,79894214,30715254,5002425,107318107,6,h14,[3.63304765],2
h23,1337.319,0.0,61,2,10000000,16.313972,0.776561,6.508402,67209812,48758784,18451028,27.692718438194703,31500228,15631863,127026305,40902270,16472853,164693230,6,h14,[3.41643484],2
h24,1400.291,0.0,73,3,10000000,15.921323,0.750066,6.021754,67209812,46137344,21072468,31.593101316813684,37757868,34274641,199058814,53312864,35573259,253579353,6,h14,[3.04188589],2
h25,1284.149,0.0,50,2,10000000,16.199128,0.742684,5.895337,67209812,43778048,23431764,35.10344590757076,44049102,61631191,304739107,67770466,63442073,384791892,6,h14,[2.67364891],2
h1,1077.01,0.0,88,3,10000000,16.09387,0.728282,5.658811,67209812,41943040,25266772,37.83371392260404,50339772,98321639,453400518,84385330,100342021,569519243,6,h14,[2.33037338],2
h2,1481.382,0.0,84,3,10000000,16.040443,0.72575,5.61853,67209812,39321600,27888212,41.73409680122301,56635276,142233512,652269306,102736668,145202630,817458541,6,h14,[2.33721396],2
h3,353.958,0.0,141,4,10000000,27.844384,0.978383,16.652021,67209812,63700992,3508820,5.460536030066562,62925946,194020657,909215909,122159470,197620086,1137238097,6,h10,[2.36368691],4
h4,303.298,0.0,103,3,10000000,27.891448,0.978719,16.72008,67209812,61603840,5605972,8.58084233296174,70526022,252772128,1232514059,141657302,256747590,1535642989,6,h10,[2.47528391],4
h5,1216.887,0.0,50,2,10000000,16.845738,0.725938,5.621508,67209812,37486592,29723220,44.46436481625629,80464518,317644564,1630623141,161321748,321886698,2018851435,6,h14,[2.63016329],2
h6,792.249,0.0,26,1,10000000,15.684949,0.701772,5.254511,67209812,35651584,31558228,47.19463283128957,90856072,387348738,2108827951,181324876,391678530,2591854841,6,h14,[2.59045455],2
h8,212.231,0.0,53,2,10000000,31.952522,0.988167,19.269148,67209812,67108864,100948,0.3900382878618973,9816,71251,81067,9822,73096,82918,6,h14,0,4
h9,205.86,0.0,41,2,10000000,32.561655,0.992483,21.239549,67209812,67371008,-161196,0.0,10698,76971,168736,1912470,83390,2078778,6,h10,[4.27446488],5
h11,209.794,0.0,52,2,10000000,34.185741,0.994175,22.34673,67209812,67371008,-161196,0.0,1435978,84739,1689453,4005784,94480,6179042,6,h10,[3.87241948],5
h12,297.625,0.0,51,2,10000000,23.474651,0.941307,12.314154,67209812,65798144,1411668,2.340229727171384,4957408,101659,6748520,6109168,105542,12393752,6,h14,[3.65680516],3
h13,965.119,0.0,45,2,10000000,20.620093,0.883047,9.319899,67209812,62128128,5081684,7.800765757237945,9153168,122907,16024595,10099234,125508,22618494,6,h14,[3.98778877],3
h21,1389.386,0.0,76,3,10000000,17.661967,0.818347,7.407583,67209812,55574528,11635284,17.55172295378538,13350070,148684,29523349,16253588,158840,39030922,6,h14,[3.94337497],2
h22,1269.2,0.0,84,3,10000000,16.999493,0.784236,6.660206,67209812,50331648,16878164,25.352488711023323,17547724,336472,47407545,24413484,539638,63984044,6,h14,[3.86570022],2
h23,1270.696,0.0,55,2,10000000,17.020974,0.764014,6.271134,67209812,46923776,20286036,30.422986453227992,21740238,4836912,73984695,34671870,5289301,103945215,6,h14,[3.73867405],2
h24,1299.098,0.0,80,3,10000000,15.769019,0.729323,5.675494,67209812,44302336,22907476,34.32336933184696,25902584,13626022,113513301,47019692,14334608,165299515,6,h14,[3.33258442],2
h25,1264.754,0.0,54,2,10000000,16.461599,0.723406,5.581575,67209812,41943040,25266772,37.83371392260404,30098274,26895342,170506917,61630884,27855340,254785739,6,h14,[2.96977943],2
h1,1316.544,0.0,76,3,10000000,15.377317,0.699433,5.220592,67209812,39583744,27626068,41.34405851336111,34293964,44508902,249309783,78122722,45803636,378712097,6,h14,[2.55665546],2
h2,1089.658,0.0,84,3,10000000,15.357496,0.69176,5.111109,67209812,36962304,30247508,45.24444139198009,38488442,66629900,354428125,96536222,68277596,543525915,6,h14,[2.40025107],2
h3,367.682,0.0,105,4,10000000,32.353614,0.989583,19.822616,67209812,66846720,363092,0.7800765757237946,42684202,92868206,489980533,115823076,94917532,754266523,6,h10,[2.40722263],4
h4,263.931,0.0,78,3,10000000,26.75492,0.97971,16.927284,67209812,64749568,2460244,3.9003828786189727,48248528,123302077,661531138,135297822,125572926,1015137271,6,h10,[2.61306876],4
h5,1352.194,0.0,54,2,10000000,15.172153,0.684264,5.006761,67209812,35127296,32082516,47.97470940701336,55985804,158707533,876224475,154840424,161302952,1331280647,6,h14,[2.50402008],2
h7,1272.194,0.0,80,3,10000000,15.116931,0.674318,4.872067,67209812,33292288,33917524,50.704977422046646,64323402,198329713,1138877590,174567028,201225804,1707073479,6,h14,[2.5900317],2
h6,1074.752,0.0,24,1,10000000,14.840191,0.667177,4.777868,67209812,31719424,35490388,53.04520714921803,72679900,242485280,1454042770,194389548,245638274,2147101301,6,h14,[2.58490933],2
h8,202.551,0.0,82,2,10000000,32.915569,0.987115,18.899262,67209812,67371008,-161196,0.0,9942,3558519,3568461,10194,3569198,3579392,6,h14,0,4
h9,261.37,0.0,108,3,10000000,23.189042,0.942845,12.429468,67209812,66060288,1149524,1.9501914393094864,10824,3559800,7139085,1921010,3578596,9078998,6,h14,[4.2323133],3
h11,205.681,0.0,65,2,10000000,36.995732,0.995503,23.4711,67209812,67371008,-161196,0.0,11790,3561398,10712273,5902992,3597776,18579766,6,h10,[3.9725647],5
h12,280.881,0.0,74,3,10000000,34.563601,0.992053,20.997794,67209812,67108864,100948,0.3900382878618973,1456220,3570876,15739369,10127366,3619604,32326736,6,h10,[3.94001139],5
h13,287.895,0.0,51,2,10000000,24.643851,0.930022,11.550387,67209812,65798144,1411668,2.340229727171384,4955018,3595109,24289496,14283202,3647943,50257881,6,h10,[3.84817612],3
h21,1441.03,0.0,81,3,10000000,20.910555,0.893282,9.717608,67209812,62652416,4557396,7.020689181514152,10579786,3622677,38491959,18521220,3677485,72456586,6,h14,[4.01021782],3
h22,1311.493,0.0,87,3,10000000,18.913496,0.841969,8.012567,67209812,57147392,10062420,15.211493226613996,16872838,3652573,59017370,24690484,3715039,100862109,6,h14,[3.88531434],2
h23,1304.744,0.0,58,2,10000000,16.930798,0.807808,7.162645,67209812,52428800,14781012,22.232182408128143,23164072,3687819,85869261,32792686,3762709,137417504,6,h14,[3.69084593],2
h24,263.328,0.0,102,3,10000000,26.030058,0.962809,14.295609,67209812,62652416,4557396,7.020689181514152,29434116,3732859,119036236,43051458,3819360,184288322,6,h10,[3.44110404],4
h25,1264.337,0.0,72,2,10000000,17.57913,0.80162,7.025028,67209812,49545216,17664596,26.52260357460901,37104772,3793417,159934425,53494066,3877125,241659513,6,h14,[3.31601404],2
h1,1359.475,0.0,112,3,10000000,16.725564,0.777497,6.526634,67209812,47448064,19761748,29.6429098775042,45442370,3866771,209243566,65769056,3943433,311372002,6,h14,[2.93382676],2
h2,1348.585,0.0,102,3,10000000,16.470126,0.762504,6.243438,67209812,45088768,22121044,33.153254468261274,53882424,3950669,267076659,80469050,4021107,395862159,6,h14,[2.65067893],2
h3,1083.672,0.0,73,2,10000000,16.349008,0.750079,6.021972,67209812,43253760,23956052,35.88352248329455,62276014,4049070,333401743,96953972,4110574,496926705,6,h14,[2.61422639],2
h4,649.87,0.0,102,3,10000000,25.977759,0.964294,14.472543,67209812,60293120,6916692,10.531033772271227,70605668,4193678,408201089,115371918,4251874,616550497,6,h10,[2.67720671],4
h5,483.519,0.0,131,4,10000000,21.948463,0.94203,12.367937,67209812,59244544,7965268,12.091186923718816,80462548,4300278,492963915,134176732,4349026,755076255,6,h10,[2.39966126],3
h7,1336.009,0.0,113,3,10000000,16.616426,0.745127,5.93676,67209812,41156608,26053204,39.00382878618973,92278324,4416360,589658599,152652442,4457784,912186481,6,h14,[2.5064373],2
h6,1163.873,0.0,38,1,10000000,16.595399,0.743862,5.915258,67209812,39321600,27888212,41.73409680122301,104827810,4539972,699026381,171710998,4574502,1088471981,6,h14,[2.4882572],2
h9,207.566,0.0,42,2,10000000,35.447806,0.994612,22.686049,67209812,67371008,-161196,0.0,10034,323300,333334,9734,398585,408319,6,h10,0,5
h11,207.769,0.0,42,2,10000000,29.532483,0.981769,17.391971,67209812,66846720,363092,0.7800765757237946,1417346,331438,2082118,10616,400133,819068,6,h10,[4.3621959],4
h12,260.952,0.0,63,3,10000000,25.184249,0.947458,12.794924,67209812,65011712,2198100,3.510344590757076,4956660,348358,7387136,11582,401931,1232581,6,h10,[3.80653597],3
h13,257.082,0.0,48,2,10000000,20.612121,0.915694,10.741398,67209812,61079552,6130260,9.360918908685536,10577876,374806,18339818,12548,411715,1656844,6,h10,[3.85352765],3
h21,601.471,0.0,65,3,10000000,35.79353,0.994713,22.767563,67209812,67371008,-161196,0.0,18295312,411746,37046876,13514,423939,2094297,6,h14,[3.88299298],5
h22,1310.053,0.0,65,3,10000000,27.164856,0.973507,15.768615,67209812,66584576,625236,1.170114863585692,26683302,454050,64184228,1926888,446224,4467409,6,h14,[3.79943102],4
h23,1247.742,0.0,43,2,10000000,24.106673,0.937536,12.043671,67209812,64487424,2722388,4.29042116648087,35073716,493214,99751158,5895226,474573,10837208,6,h14,[3.67265008],3
h24,785.643,0.0,63,3,10000000,19.618318,0.89683,9.864478,67209812,57409536,9800276,14.8214549387521,43424450,537636,143713244,12014118,512427,23363753,6,h10,[3.73483625],3
h25,1204.316,0.0,41,2,10000000,20.874793,0.904623,10.20556,67209812,60030976,7178836,10.921072060133124,53281282,591992,197586518,18300086,559577,42223416,6,h14,[3.63284403],3
h1,1088.04,0.0,65,3,10000000,18.401257,0.873896,8.992708,67209812,56098816,11110996,16.771646378061583,63766028,655761,262008307,26500044,616307,69339767,6,h14,[3.53071829],2
h2,887.674,0.0,65,3,10000000,19.241116,0.868776,8.819863,67209812,54001664,13208148,19.891952680956763,74170444,727970,336906721,36769056,681527,106790350,6,h14,[3.44669436],2
h3,804.002,0.0,43,2,10000000,17.814318,0.853434,8.33968,67209812,52428800,14781012,22.232182408128143,84741650,810044,422458415,49109794,757357,156657501,6,h14,[3.33216367],2
h4,797.166,0.0,65,3,10000000,17.772931,0.850431,8.251598,67209812,51380224,15829588,23.792335559575736,95180400,901130,518539945,63628930,842637,221129068,6,h14,[2.71829586],2
h5,564.811,0.0,87,4,10000000,18.296192,0.883551,9.338636,67209812,55836672,11373140,17.16168466592348,105633842,1004224,625178011,80369768,937353,302436189,6,h10,[2.17924125],3
h7,693.451,0.0,61,3,10000000,18.074383,0.854081,8.35889,67209812,50331648,16878164,25.352488711023323,117528654,1127622,743834287,97009582,1053381,400499152,6,h14,[2.24709699],2
h8,732.225,0.0,63,3,10000000,20.827284,0.892201,9.673837,67209812,54788096,12421716,18.72183781737107,130049400,1239898,875123585,115331114,1158987,516989253,6,h10,[2.43949915],3
h6,721.203,0.0,75,3,10000000,18.847693,0.877841,9.130734,67209812,54001664,13208148,19.891952680956763,144062268,1371194,1020557047,133950064,1269035,652208352,6,h10,[2.42968484],2
h11,153.084,0.0,23,1,10000000,33.834046,0.993049,21.57949,67209812,67371008,-161196,0.0,9746,61568,71314,9536,64891,74427,6,h14,0,5
h12,208.096,0.0,50,2,10000000,25.966846,0.96084,14.071564,67209812,66322432,887380,1.5601531514475893,10698,64063,146075,1917352,74947,2066726,6,h14,[4.24366694],4
h13,209.973,0.0,40,2,10000000,33.620689,0.994645,22.712484,67209812,67371008,-161196,0.0,11664,65819,223558,5881010,94208,8041944,6,h10,[3.89293908],5
h21,311.63,0.0,95,4,10000000,33.751223,0.990664,20.298165,67209812,67108864,100948,0.3900382878618973,1436944,73359,1733861,10118276,114608,18274828,6,h10,[4.00805153],5
h22,663.657,0.0,75,3,10000000,22.146935,0.912822,10.595954,67209812,63438848,3770964,5.85057431792846,4958374,91081,6783316,14303854,135946,32714628,6,h14,[3.82300213],3
h23,647.528,0.0,87,4,10000000,29.588927,0.982132,17.479239,67209812,66060288,1149524,1.9501914393094864,9155276,114561,16053153,20401464,167951,53284043,6,h10,[3.99338261],4
h24,375.496,0.0,71,3,10000000,26.881143,0.971165,15.400756,67209812,62914560,4295252,6.630650893652254,14723516,141294,30917963,26662488,206155,80152686,6,h10,[3.90348217],4
h25,1252.051,0.0,51,2,10000000,19.603626,0.862207,8.60772,67209812,58195968,9013844,13.651340075166408,22490292,176974,53585229,32955540,253305,113361531,6,h14,[3.72436028],2
h1,1362.947,0.0,71,3,10000000,18.578131,0.835254,7.831856,67209812,53215232,13994580,21.06206754454245,30814018,216092,84615339,41149928,309301,154820760,6,h14,[3.50589397],2
h2,1212.226,0.0,75,3,10000000,16.899505,0.808124,7.16979,67209812,50593792,16616020,24.962450423161428,39271120,261268,124147727,51474734,373731,206669225,6,h14,[3.27238232],2
h3,1179.91,0.0,50,2,10000000,16.910514,0.79368,6.854596,67209812,48234496,18975316,28.472795013918507,47661534,315866,172125127,63825812,448603,270943640,6,h14,[3.12396405],2
h4,1370.367,0.0,73,3,10000000,16.773101,0.777698,6.530565,67209812,46137344,21072468,31.593101316813684,55992830,379840,228497797,78332638,533733,349810011,6,h14,[2.79409228],2
h5,1213.442,0.0,51,2,10000000,16.534819,0.762964,6.251853,67209812,44302336,22907476,34.32336933184696,64375674,453198,293326669,94826524,627977,445264512,6,h14,[2.76446921],2
h7,710.358,0.0,72,3,10000000,16.51378,0.751973,6.055003,67209812,41943040,25266772,37.83371392260404,72760488,633815,366720972,113328094,990724,559583330,6,h14,[2.45823093],2
h8,476.557,0.0,66,3,10000000,22.388846,0.95129,13.123861,67209812,60293120,6916692,10.531033772271227,81115490,4368723,452205185,132517408,4983402,697084140,6,h10,[2.66316899],4
h9,262.535,0.0,39,2,10000000,21.943098,0.945726,12.654073,67209812,59506688,7703124,11.70114863585692,90884972,11596861,554687018,152160388,12451332,861695860,6,h10,[2.55847479],3
h6,1216.543,0.0,27,1,10000000,16.458536,0.747843,5.983282,67209812,40108032,27101780,40.56398193763732,102769610,22330363,679786991,171764508,23361766,1056822134,6,h14,[2.49308504],2
h12,209.783,0.0,51,2,10000000,31.835473,0.986318,18.638555,67209812,67371008,-161196,0.0,9578,91890,101468,9326,94376,103702,6,h14,0,4
h13,206.522,0.0,50,2,10000000,27.128703,0.967687,14.906209,67209812,66584576,625236,1.170114863585692,10460,96745,208673,1911530,107156,2122388,6,h14,[4.28226845],4
h21,319.003,0.0,87,4,10000000,28.634635,0.973208,15.71998,67209812,67108864,100948,0.3900382878618973,11496,99043,319212,5943310,126964,8192662,6,h10,[4.10769803],4
h22,352.227,0.0,101,4,10000000,32.764836,0.98927,19.693903,67209812,66846720,363092,0.7800765757237946,1436776,106658,1862646,10117982,147582,18458226,6,h10,[4.00805153],4
h23,584.864,0.0,100,4,10000000,25.492871,0.967512,14.882765,67209812,65536000,1673812,2.730268015033281,4959418,124025,6946089,14303602,168332,32930160,6,h10,[3.80999559],4
h24,986.048,0.0,68,3,10000000,22.397494,0.939408,12.175845,67209812,61865984,5343828,8.190804045099844,10577604,152807,17676500,18509404,191185,51630749,6,h10,[3.96900061],3
h25,1363.223,0.0,52,2,10000000,22.696327,0.925141,11.257547,67209812,63963136,3246676,5.070497742204665,18294434,190027,36160961,22684940,221281,74536970,6,h14,[3.8422116],3
h1,1369.72,0.0,75,3,10000000,18.812656,0.874619,9.017685,67209812,58982400,8227412,12.481225211580714,26684848,405267,63251076,28807760,613493,103958223,6,h14,[3.63271994],2
h2,1259.784,0.0,74,3,10000000,18.836421,0.860361,8.549918,67209812,54525952,12683860,19.11187610523297,35075262,5081635,103407973,36981924,5528141,146468288,6,h14,[3.49287134],2
h3,1133.989,0.0,52,2,10000000,17.918152,0.840768,7.979708,67209812,52166656,15043156,22.622220695990045,43398988,14375879,161182840,47200166,15059999,208728453,6,h14,[3.42558657],2
h4,302.857,0.0,68,3,10000000,21.518365,0.927548,11.399507,67209812,58720256,8489556,12.871263499442612,51786978,28004089,240973907,59593188,28958955,297280596,6,h10,[2.92199162],3
h5,1190.125,0.0,52,2,10000000,17.877465,0.833223,7.778633,67209812,50331648,16878164,25.352488711023323,61586852,46299399,348860158,72127538,47493605,416901739,6,h14,[2.72159539],2
h7,1186.007,0.0,75,3,10000000,17.800054,0.818449,7.410003,67209812,48758784,18451028,27.692718438194703,72071598,69004549,489936305,86697990,70429303,574029032,6,h14,[2.49432758],2
h8,678.978,0.0,79,3,10000000,22.327064,0.932631,11.715411,67209812,57671680,9538132,14.4314166508902,82496384,96190584,668623273,103174568,97983566,775187166,6,h10,[2.3778305],3
h9,619.713,0.0,48,2,10000000,19.487052,0.909846,10.450132,67209812,56623104,10586708,15.991569802337793,94259648,127815299,890698220,119757186,129878766,1024823118,6,h10,[2.46958988],3
h11,1215.291,0.0,26,1,10000000,17.051097,0.806844,7.140915,67209812,47185920,20023892,30.03294816536609,108356962,163664017,1162719199,136641582,165872000,1327336700,6,h14,[2.5335011],2
h6,1155.066,0.0,25,1,10000000,17.576498,0.80524,7.105006,67209812,45613056,21596756,32.37317789253748,123073738,203614565,1489407502,155059720,206029882,1688426302,6,h14,[2.46613384],2
h13,212.968,0.0,53,2,10000000,33.678537,0.990248,20.109181,67209812,67371008,-161196,0.0,9704,662529,672233,9626,668598,678224,6,h14,0,5
h21,345.984,0.0,89,4,10000000,32.211081,0.989584,19.822991,67209812,67371008,-161196,0.0,10656,667314,1350203,1927930,678724,3284878,6,h10,[4.35185768],4
h22,386.665,0.0,70,3,10000000,25.063597,0.954295,13.400351,67209812,66322432,887380,1.5601531514475893,1456600,674854,3481657,4021202,689860,7995940,6,h14,[3.95482099],4
h23,423.834,0.0,99,4,10000000,31.554769,0.986895,18.825539,67209812,66846720,363092,0.7800765757237946,3548872,862540,7893069,8021004,1066082,17083026,6,h10,[3.75186877],4
h24,854.963,0.0,67,3,10000000,23.040668,0.956008,13.566267,67209812,65536000,1673812,2.730268015033281,7058870,5515576,20467515,12258228,5934794,35276048,6,h10,[4.04025418],4
h25,871.633,0.0,90,4,10000000,25.086746,0.955497,13.516125,67209812,62128128,5081684,7.800765757237945,12676980,14677213,47821708,16392076,15334420,67002544,6,h10,[3.95351415],4
h1,780.849,0.0,89,4,10000000,22.740849,0.937183,12.019221,67209812,58982400,8227412,12.481225211580714,20391922,28439697,96653327,20612560,29329001,116944105,6,h10,[3.55197799],3
h2,1683.417,0.0,70,3,10000000,21.512878,0.921713,11.063116,67209812,63963136,3246676,5.070497742204665,30206044,46719453,173578824,24793512,47856195,189593812,6,h14,[3.25359084],3
h3,1149.836,0.0,46,2,10000000,19.425921,0.879585,9.193209,67209812,59244544,7965268,12.091186923718816,40690006,69634481,283903311,30851982,70971583,291417377,6,h14,[3.15104901],2
h4,341.941,0.0,67,3,10000000,22.37873,0.931525,11.644693,67209812,57671680,9538132,14.4314166508902,51138626,97313410,432355347,39043292,98915355,429376024,6,h10,[3.08279694],3
h5,1182.289,0.0,55,2,10000000,18.990131,0.862325,8.61146,67209812,54525952,12683860,19.11187610523297,62993048,129360937,624709332,47413482,131157411,607946917,6,h14,[3.17655471],2
h7,1208.628,0.0,77,3,10000000,17.273873,0.841664,8.00421,67209812,52166656,15043156,22.622220695990045,75574550,165895817,866179699,57716134,167806297,833469348,6,h14,[2.54931458],2
h8,1685.973,0.0,53,2,10000000,17.240754,0.822969,7.51951,67209812,50331648,16878164,25.352488711023323,88101960,206891307,1161172966,70022774,208933023,1112425145,6,h14,[2.36064501],2
h9,1222.361,0.0,73,3,10000000,17.07991,0.817989,7.399031,67209812,48758784,18451028,27.692718438194703,100669364,251493468,1513335798,84602294,253850016,1450877455,6,h14,[2.15974971],2
h11,1227.468,0.0,27,1,10000000,17.025335,0.807657,7.159237,67209812,47185920,20023892,30.03294816536609,113250936,300343434,1926930168,101049130,302641816,1854568401,6,h14,[2.37158444],2
h12,258.16,0.0,70,3,10000000,19.319267,0.914145,10.662359,67209812,56885248,10324564,15.60153151447589,125839710,350750888,2403520766,119444498,352660016,2326672915,6,h10,[2.27515499],3
h6,1016.661,0.0,27,1,10000000,17.05027,0.803793,7.072844,67209812,45613056,21596756,32.37317789253748,139748102,407126234,2950395102,138117762,410279084,2875069761,6,h14,[2.46768939],2
h21,339.042,0.0,81,3,10000000,33.100922,0.98862,19.438522,67209812,67371008,-161196,0.0,9878,53792,63670,9900,52844,62744,6,h14,0,4
h22,313.644,0.0,85,4,10000000,36.02897,0.99516,23.151846,67209812,67371008,-161196,0.0,10760,57613,132043,1928176,64222,2055142,6,h10,[4.33630932],5
h23,333.766,0.0,95,4,10000000,29.477362,0.981141,17.244712,67209812,66846720,363092,0.7800765757237946,1452232,65503,1649778,4016016,75558,6146716,6,h10,[4.01628291],4
h24,577.671,0.0,77,3,10000000,27.865233,0.969603,15.171655,67209812,66584576,625236,1.170114863585692,4957540,82501,6689819,6109246,78378,12334340,6,h14,[3.64146257],4
h25,1100.178,0.0,88,4,10000000,25.371418,0.949282,12.948343,67209812,65011712,2198100,3.510344590757076,9156406,109039,15955264,10109424,96866,22540630,6,h10,[4.05109705],3
h1,1317.17,0.0,81,3,10000000,21.997518,0.92294,11.131694,67209812,64487424,2722388,4.29042116648087,14774446,146875,30876585,14315296,119595,36975521,6,h14,[3.98397243],3
h2,1216.235,0.0,69,3,10000000,20.911034,0.901281,10.056,67209812,60030976,7178836,10.921072060133124,21066002,191599,52134186,20431784,148964,57556269,6,h14,[3.85670767],3
h3,1089.126,0.0,55,2,10000000,19.676147,0.882652,9.305247,67209812,56098816,11110996,16.771646378061583,27359012,240027,79733225,28576324,194954,86327547,6,h14,[3.64289063],3
h4,309.08,0.0,67,3,10000000,21.471217,0.919172,10.924397,67209812,61079552,6130260,9.360918908685536,33643952,294257,113671434,38852292,251610,125431449,6,h10,[3.50091908],3
h5,849.816,0.0,51,2,10000000,17.789703,0.863828,8.659136,67209812,54001664,13208148,19.891952680956763,41369076,356253,155396763,49324286,316570,175072305,6,h14,[3.51589294],2
h7,860.873,0.0,69,3,10000000,18.376102,0.856917,8.444122,67209812,52428800,14781012,22.232182408128143,49759448,429275,205585486,61767292,391748,237231345,6,h14,[3.03501208],2
h8,752.622,0.0,48,2,10000000,17.750128,0.84899,8.20993,67209812,51380224,15829588,23.792335559575736,58080750,511617,264177853,76152240,476334,313859919,6,h14,[2.81870409],2
h9,263.683,0.0,44,2,10000000,21.029695,0.906881,10.309628,67209812,57671680,9538132,14.4314166508902,66420772,603291,331201916,92660800,568554,407089273,6,h10,[2.97084404],3
h11,627.368,0.0,43,2,10000000,18.675835,0.882414,9.296431,67209812,55836672,11373140,17.16168466592348,76211074,703067,408116057,109505846,670242,517265361,6,h10,[2.98977006],3
h12,273.763,0.0,68,3,10000000,19.298274,0.882238,9.289946,67209812,54788096,12421716,18.72183781737107,88126580,810701,497053338,126207394,769460,644242215,6,h10,[2.64357253],3
h13,205.559,0.0,42,2,10000000,18.81844,0.877014,9.101436,67209812,53739520,13470292,20.28199096881866,102065666,927905,600046909,142937804,879372,788059391,6,h10,[2.54316204],2
h6,820.454,0.0,29,1,10000000,17.987631,0.85146,8.281564,67209812,50331648,16878164,25.352488711023323,118199812,1054559,719301280,159745400,994506,948799297,6,h14,[2.43569199],2
h22,310.812,0.0,108,4,10000000,36.535425,0.99601,23.990814,67209812,67371008,-161196,0.0,9662,1131279,1140941,9606,1311179,1320785,6,h10,0,5
h23,296.646,0.0,46,2,10000000,35.034057,0.993318,21.750973,67209812,67371008,-161196,0.0,1464634,1141769,3747344,10488,1315102,2646375,6,h14,[4.42373584],5
h24,266.052,0.0,95,3,10000000,34.621559,0.993179,21.661807,67209812,67108864,100948,0.3900382878618973,3622674,1153511,8523529,1933716,1325222,5905313,6,h10,[3.81591503],5
h25,535.305,0.0,46,2,10000000,25.844945,0.960411,14.024233,67209812,66322432,887380,1.5601531514475893,7057862,1170431,16751822,4011632,1336200,11253145,6,h14,[3.71503454],4
h1,1439.654,0.0,73,3,10000000,20.692201,0.903499,10.154665,67209812,63700992,3508820,5.460536030066562,11251588,1196959,29200369,8021992,1355723,20630860,6,h14,[3.97620604],3
h2,1217.476,0.0,72,3,10000000,19.388762,0.860336,8.549145,67209812,57933824,9275988,14.041378363028304,15447348,1235433,45883150,14139994,1387761,36158615,6,h14,[3.98425605],2
h3,1296.583,0.0,88,2,10000000,18.280233,0.835184,7.830007,67209812,53215232,13994580,21.06206754454245,19643038,1275195,66801383,22281506,1434375,59874496,6,h14,[3.79893904],2
h4,1317.581,0.0,133,3,10000000,17.085529,0.805912,7.120002,67209812,50593792,16616020,24.962450423161428,23837516,1319901,91958800,32567200,1490989,93932685,6,h14,[3.63156767],2
h5,1238.747,0.0,88,2,10000000,16.831689,0.796197,6.907893,67209812,48234496,18975316,28.472795013918507,28029654,1374205,121362659,44899904,1557141,140389730,6,h14,[3.47741803],2
h7,1238.327,0.0,132,3,10000000,16.894861,0.7797,6.569848,67209812,46137344,21072468,31.593101316813684,32225344,1436859,155024862,59506564,1632515,201528809,6,h14,[3.06595125],2
h8,283.372,0.0,127,3,10000000,26.280118,0.97891,16.759254,67209812,66060288,1149524,1.9501914393094864,36391242,1509597,192925701,75906048,1714771,279149628,6,h10,[2.72313937],4
h9,443.892,0.0,69,2,10000000,27.810158,0.971968,15.523453,67209812,62914560,4295252,6.630650893652254,41960412,1595104,236481217,92705234,1796947,373651809,6,h10,[2.86339922],4
h11,904.945,0.0,45,1,10000000,17.598779,0.771082,6.403197,67209812,44302336,22907476,34.32336933184696,49651838,1692869,287825924,109362644,1886901,484901354,6,h14,[2.98614365],2
h12,541.894,0.0,114,3,10000000,26.086367,0.968439,15.008522,67209812,60555264,6654548,10.14099548440933,58082116,1792175,347700215,127956358,1988222,614845934,6,h10,[2.82337734],4
h13,339.411,0.0,83,2,10000000,21.304619,0.943921,12.512033,67209812,59506688,7703124,11.70114863585692,67815970,1896939,417413124,146594480,2096094,763536508,6,h10,[2.6869921],3
h21,1320.564,0.0,132,3,10000000,17.60923,0.759813,6.194504,67209812,41943040,25266772,37.83371392260404,79773166,2012643,499198933,165472862,2204358,931213728,6,h14,[2.55662679],2
h6,1170.794,0.0,44,1,10000000,16.525777,0.749741,6.016097,67209812,40370176,26839636,40.173943649775424,92293314,2137691,593629938,184685388,2322104,1118221220,6,h14,[2.46848385],2
h23,286.816,0.0,50,2,10000000,33.496169,0.989466,19.774015,67209812,67371008,-161196,0.0,9746,952145,961891,9620,751412,761032,6,h14,0,4
h24,260.61,0.0,79,3,10000000,36.399933,0.995917,23.890112,67209812,67371008,-161196,0.0,10628,956875,1929394,1922826,763591,3447449,6,h10,[4.30870825],5
h25,319.146,0.0,100,4,10000000,32.240588,0.9882,19.281091,67209812,66846720,363092,0.7800765757237946,1435978,965273,4330645,4015764,775171,8238384,6,h10,[3.9390123],4
h1,562.136,0.0,76,3,10000000,25.994082,0.96545,14.615458,67209812,66584576,625236,1.170114863585692,4969668,981705,10282018,6119524,794265,15152173,6,h14,[3.6376927],4
h2,841.886,0.0,110,4,10000000,26.285702,0.969912,15.216065,67209812,65536000,1673812,2.730268015033281,9153098,1007261,20442377,10119326,823178,26094677,6,h10,[4.04168428],4
h3,731.638,0.0,99,4,10000000,24.973126,0.954877,13.456064,67209812,62128128,5081684,7.800765757237945,14777260,1046453,36266090,14315086,855850,41265613,6,h10,[3.9514814],4
h4,482.747,0.0,79,3,10000000,23.034981,0.942807,12.426604,67209812,58982400,8227412,12.481225211580714,22437534,1213453,59917077,18479312,1121752,60866677,6,h10,[3.85538186],3
h5,1280.755,0.0,51,2,10000000,23.418657,0.930004,11.549243,67209812,63963136,3246676,5.070497742204665,32303448,4482825,96703350,22686242,4532662,88085581,6,h14,[3.60648121],3
h7,1228.575,0.0,73,3,10000000,20.191565,0.885545,9.413668,67209812,59244544,7965268,12.091186923718816,42791224,11014082,150508656,28793894,11207814,128087289,6,h14,[3.43558706],3
h8,1135.231,0.0,53,2,10000000,19.190518,0.864394,8.677211,67209812,54525952,12683860,19.11187610523297,53192610,20606743,224308009,36904140,20948546,185939975,6,h14,[3.28989203],2
h9,221.078,0.0,52,2,10000000,19.369693,0.918068,10.865463,67209812,57933824,9275988,14.041378363028304,63624966,33461165,321394140,47163624,33979374,267082973,6,h10,[3.30423531],3
h11,1070.506,0.0,24,1,10000000,17.350862,0.839341,7.940962,67209812,52166656,15043156,22.622220695990045,75509602,49530241,446433983,57607756,50162548,374853277,6,h14,[2.89751869],2
h12,1161.816,0.0,52,2,10000000,17.427108,0.829286,7.677299,67209812,50593792,16616020,24.962450423161428,88084142,68651607,603169732,69980266,69457974,514291517,6,h14,[2.49448279],2
h13,353.556,0.0,96,2,10000000,19.471903,0.914882,10.699781,67209812,56885248,10324564,15.60153151447589,100665644,88134335,791969711,84424550,87885203,686601270,6,h10,[2.14971894],3
h21,909.721,0.0,147,3,10000000,17.465937,0.818454,7.410144,67209812,48758784,18451028,27.692718438194703,114736436,88226567,994932714,99307282,87999357,873907909,6,h14,[2.19840124],2
h22,1177.986,0.0,146,3,10000000,17.262614,0.809952,7.211364,67209812,47185920,20023892,30.03294816536609,129412242,88327775,1212672731,115870844,88120767,1077899520,6,h14,[2.20634393],2
h6,1219.641,0.0,49,1,10000000,17.074651,0.801184,7.015484,67209812,45613056,21596756,32.37317789253748,144047526,88433643,1445153900,134079908,88245557,1300224985,6,h14,[2.35744785],2
h24,335.933,0.0,70,3,10000000,35.360585,0.994304,22.444526,67209812,67371008,-161196,0.0,10158,611875,622033,9790,619725,629515,6,h14,0,5
h25,314.772,0.0,92,4,10000000,35.995757,0.995799,23.766984,67209812,67371008,-161196,0.0,11040,613301,1246374,1917536,629081,3176132,6,h10,[4.39135768],5
h1,347.28,0.0,94,4,10000000,32.580869,0.989598,19.829016,67209812,67108864,100948,0.3900382878618973,1435714,768931,3451019,4026352,929731,8132215,6,h10,[3.9390123],4
h2,649.637,0.0,72,3,10000000,25.814007,0.960187,13.999712,67209812,66322432,887380,1.5601531514475893,4957750,4571613,12980382,6114192,4877181,19123588,6,h14,[3.7820843],4
h3,652.351,0.0,96,4,10000000,25.624722,0.975711,16.145926,67209812,66060288,1149524,1.9501914393094864,9149888,12010064,34140334,10099202,12524345,41747135,6,h10,[4.20397023],4
h4,376.146,0.0,73,3,10000000,25.140549,0.967988,14.946811,67209812,62914560,4295252,6.630650893652254,14721004,23079204,71940542,14294962,23770305,79812402,6,h10,[3.76662679],4
h5,313.729,0.0,92,4,10000000,25.695658,0.965247,14.590069,67209812,60555264,6654548,10.14099548440933,22489668,37864820,132295030,18490652,38738641,137041695,6,h10,[3.44824131],4
h7,1238.907,0.0,73,3,10000000,21.844927,0.910448,10.479269,67209812,63438848,3770964,5.85057431792846,32151380,56397564,220843974,22654126,57475955,217171776,6,h14,[3.18540056],3
h8,1229.024,0.0,52,2,10000000,19.352715,0.858775,8.500899,67209812,57933824,9275988,14.041378363028304,42642690,78652750,342139414,28712376,79860607,325744759,6,h14,[3.07184938],2
h9,1239.41,0.0,73,3,10000000,18.232833,0.833506,7.786015,67209812,52953088,14256724,21.45210583240436,53127352,104613998,499880764,36839056,106058137,468641952,6,h14,[3.10208001],2
h11,1161.326,0.0,29,1,10000000,16.566581,0.804564,7.08996,67209812,50331648,16878164,25.352488711023323,63615632,134282062,697778458,47042202,135751039,651435193,6,h14,[3.20565092],2
h12,1204.561,0.0,51,2,10000000,18.012231,0.803109,7.057749,67209812,48234496,18975316,28.472795013918507,74106354,167259282,939144094,59437814,169047629,879920636,6,h14,[2.71266888],2
h13,218.933,0.0,48,2,10000000,25.431851,0.964123,14.451792,67209812,59506688,7703124,11.70114863585692,84493996,203660441,1227298531,73868968,205662921,1159452525,6,h10,[2.35921424],4
h21,1257.818,0.0,78,3,10000000,16.826379,0.773128,6.442182,67209812,45875200,21334612,31.983139604675586,96358908,242568585,1566226024,88635036,244691601,1492779162,6,h14,[2.1622767],2
h22,1298.678,0.0,78,3,10000000,17.655411,0.766994,6.326327,67209812,44302336,22907476,34.32336933184696,108918472,283502103,1958646599,105214726,285861355,1883855243,6,h14,[2.09536567],2
h23,1268.678,0.0,51,2,10000000,16.778363,0.752495,6.064167,67209812,41943040,25266772,37.83371392260404,121503680,325130961,2405281240,123554750,327380629,2334790622,6,h14,[2.19947196],2
h6,1159.039,0.0,27,1,10000000,16.511053,0.747151,5.971386,67209812,40108032,27101780,40.56398193763732,134038372,371055409,2910375021,143054744,373503109,2851348475,6,h14,[2.36545455],2
h25,308.879,0.0,84,4,10000000,29.538742,0.981765,17.390948,67209812,67108864,100948,0.3900382878618973,9816,61333,71149,9816,74565,84381,6,h10,0,4
h1,345.807,0.0,71,3,10000000,30.4777,0.982155,17.484755,67209812,67371008,-161196,0.0,1417734,72060,1560943,10698,76883,171962,6,h14,[4.28123059],4
h2,294.729,0.0,72,3,10000000,26.663024,0.961809,14.180366,67209812,66322432,887380,1.5601531514475893,3534322,83108,5178373,1933926,86825,2192713,6,h14,[3.85540124],4
h3,586.022,0.0,47,2,10000000,21.530095,0.914587,10.684772,67209812,63700992,3508820,5.460536030066562,5638706,93962,10911041,5944780,106203,8243696,6,h14,[3.66335117],3
h4,793.792,0.0,78,3,10000000,25.871093,0.971597,15.46633,67209812,66322432,887380,1.5601531514475893,7729460,112202,18752703,12011302,135941,20390939,6,h10,[4.0051321],4
h5,693.65,0.0,93,4,10000000,23.118324,0.958407,13.809764,67209812,64749568,2460244,3.9003828786189727,11251496,140847,30145046,18308896,168058,38867893,6,h10,[3.9632428],4
h7,1250.533,0.0,67,3,10000000,20.335136,0.884368,9.369223,67209812,58982400,8227412,12.481225211580714,16872712,177213,47194971,24597406,206532,63671831,6,h14,[3.88267738],3
h8,1220.0,0.0,47,2,10000000,17.700301,0.851726,8.289354,67209812,54263808,12946004,19.501914393094864,23113930,222347,70531248,32771006,253924,96696761,6,h14,[3.70798505],2
h9,221.678,0.0,52,2,10000000,24.935197,0.948793,12.906706,67209812,61341696,5868116,8.970880620823637,29406982,276497,100214727,43059292,310254,140066307,6,h10,[3.52344875],3
h11,235.794,0.0,48,2,10000000,22.115697,0.93445,11.834288,67209812,58720256,8489556,12.871263499442612,37107070,339813,137661610,53466528,374538,193907373,6,h10,[3.43725927],3
h12,1136.026,0.0,48,2,10000000,17.339399,0.837251,7.884805,67209812,51904512,15305300,23.01225898385194,46938854,412893,185013357,64006744,443556,258357673,6,h14,[3.11837567],2
h13,1214.407,0.0,47,2,10000000,17.443252,0.827267,7.626239,67209812,50069504,17140308,25.742526998885225,57398422,488581,242900360,76368568,518966,335245207,6,h14,[2.93984898],2
h21,1296.914,0.0,71,3,10000000,17.123871,0.807269,7.150492,67209812,48234496,18975316,28.472795013918507,67880142,571641,311352143,90907986,605356,426758549,6,h14,[2.75866392],2
h22,922.646,0.0,72,3,10000000,17.314053,0.807219,7.149357,67209812,46661632,20548180,30.81302474108989,78451278,800184,390603605,107564634,1025623,535348806,6,h14,[2.50329322],2
h23,691.915,0.0,96,4,10000000,22.030342,0.929847,11.539508,67209812,57409536,9800276,14.8214549387521,88852664,5075794,484532063,125363642,5611823,666324271,6,h10,[2.37718965],3
h24,541.807,0.0,78,3,10000000,18.893821,0.902815,10.124009,67209812,56623104,10586708,15.991569802337793,100700946,13545232,598778241,143936960,14302871,824564102,6,h10,[2.44513137],3
h6,1222.773,0.0,24,1,10000000,18.371431,0.808227,7.172124,67209812,45088768,22121044,33.153254468261274,114688692,26220902,739687835,162539500,27208315,1014311917,6,h14,[2.39486598],2
h1,333.331,0.0,61,3,10000000,28.123916,0.978098,16.595123,67209812,67371008,-161196,0.0,9984,1086268,1096252,9832,809587,819419,6,h14,0,4
h2,311.449,0.0,106,4,10000000,33.520879,0.993492,21.865438,67209812,67371008,-161196,0.0,10866,1090661,2197779,1928094,819461,3566974,6,h10,[4.40050699],5
h3,311.606,0.0,106,4,10000000,34.443071,0.991873,20.900875,67209812,67108864,100948,0.3900382878618973,1462866,1098201,4758846,4015976,830559,8413509,6,h10,[3.9390123],5
h4,704.729,0.0,76,3,10000000,24.715008,0.951162,13.112397,67209812,66060288,1149524,1.9501914393094864,4960752,1115349,10834947,6135050,833449,15382008,6,h14,[3.63172616],4
h5,420.868,0.0,106,4,10000000,31.565516,0.983735,17.887538,67209812,66322432,887380,1.5601531514475893,9154478,1142103,21131528,10109552,852595,26344155,6,h10,[4.04168428],4
h7,1387.047,0.0,78,3,10000000,20.388734,0.886699,9.45765,67209812,62914560,4295252,6.630650893652254,14774552,1179645,37085725,14315120,874036,41533311,6,h14,[3.96856912],3
h8,278.085,0.0,81,3,10000000,27.10033,0.976842,16.352963,67209812,63700992,3508820,5.460536030066562,21065786,1225437,59376948,20387894,910362,62831567,6,h10,[3.8348933],4
h9,1263.072,0.0,75,3,10000000,18.272025,0.828856,7.666386,67209812,56623104,10586708,15.991569802337793,28715858,1279409,89372215,26696114,957212,90484893,6,h14,[3.59782383],2
h11,1117.038,0.0,24,1,10000000,17.798181,0.807943,7.165698,67209812,51642368,15567444,23.40229727171384,37081606,1337263,127791084,34756908,1010876,126252677,6,h14,[3.57976376],2
h12,1168.443,0.0,49,2,10000000,16.406338,0.77817,6.539789,67209812,48758784,18451028,27.692718438194703,45565798,1395131,174752013,45163056,1079894,172495627,6,h14,[3.57339318],2
h13,1226.512,0.0,52,2,10000000,16.397778,0.757772,6.157755,67209812,46137344,21072468,31.593101316813684,53887100,1452911,230092024,57431526,1154074,231081227,6,h14,[3.28637038],2
h21,1307.075,0.0,71,3,10000000,16.097895,0.74049,5.858462,67209812,43778048,23431764,35.10344590757076,62322202,1516661,293930887,72133310,1240052,304454589,6,h14,[2.89074215],2
h22,1061.874,0.0,73,3,10000000,17.039581,0.741934,5.882692,67209812,41680896,25528916,38.22375221046594,70667998,1724792,366323677,88556808,1650418,394661815,6,h14,[2.52076614],2
h23,1264.98,0.0,53,2,10000000,16.244939,0.724708,5.602071,67209812,39059456,28150356,42.12413508908491,79058412,5790221,451172310,107069826,6013333,507744974,6,h14,[2.37469474],2
h24,258.767,0.0,82,3,10000000,27.159858,0.976291,16.250801,67209812,61603840,5605972,8.58084233296174,87396010,14117629,552685949,126295682,14703959,648744615,6,h10,[2.55920762],4
h25,1270.014,0.0,53,2,10000000,16.670782,0.721821,5.556763,67209812,36962304,30247508,45.24444139198009,97177226,26518520,676381695,145700366,27400661,821845642,6,h14,[2.49993352],2
h6,1124.139,0.0,29,1,10000000,16.368784,0.708172,5.348736,67209812,35389440,31820372,47.58467111915147,107668032,42916247,826965974,165093058,44016113,1030954813,6,h14,[2.5444898],2
h2,336.549,0.0,72,3,10000000,32.193917,0.98641,18.667746,67209812,67371008,-161196,0.0,9872,455738,465610,9734,462419,472153,6,h14,0,4
h3,308.726,0.0,97,4,10000000,34.693721,0.994021,22.233482,67209812,67371008,-161196,0.0,10824,460346,936780,1922912,472965,2868030,6,h10,[4.38991131],5
h4,396.652,0.0,72,3,10000000,25.117122,0.952321,13.216703,67209812,66060288,1149524,1.9501914393094864,1435498,468026,2840304,4021198,475925,7365153,6,h14,[3.97739679],4
h5,337.841,0.0,98,4,10000000,34.584999,0.993175,21.658809,67209812,67108864,100948,0.3900382878618973,3535414,484894,6860612,8018972,493912,15878037,6,h10,[3.75929734],5
h7,442.933,0.0,96,4,10000000,26.863614,0.981089,17.232955,67209812,66322432,887380,1.5601531514475893,7057074,512108,14429794,12216718,515379,28610134,6,h10,[3.99153551],4
h8,296.103,0.0,70,3,10000000,28.701248,0.978857,16.748258,67209812,63700992,3508820,5.460536030066562,12667148,550034,27646976,16392142,537946,45540222,6,h10,[3.95433217],4
h9,1294.74,0.0,75,3,10000000,20.331172,0.889395,9.562233,67209812,62914560,4295252,6.630650893652254,20347868,595910,48590754,20576550,568368,66685140,6,h14,[3.86488133],3
h11,1129.908,0.0,24,1,10000000,18.465175,0.832029,7.747669,67209812,56885248,10324564,15.60153151447589,28729442,663936,77984132,26598752,625566,93909458,6,h14,[3.64262773],2
h12,1188.752,0.0,53,2,10000000,17.552177,0.809733,7.206356,67209812,51904512,15305300,23.01225898385194,37148134,720904,115853170,34847598,682528,129439584,6,h14,[3.57687273],2
h13,1202.73,0.0,54,2,10000000,16.439762,0.778618,6.548584,67209812,48758784,18451028,27.692718438194703,45496644,778498,162128312,45065130,746978,175251692,6,h14,[3.58300032],2
h21,1382.15,0.0,63,3,10000000,17.001375,0.768959,6.363108,67209812,46137344,21072468,31.593101316813684,53953746,836406,216918464,57588874,824380,233664946,6,h14,[3.16712127],2
h22,1387.256,0.0,72,3,10000000,15.922878,0.740147,5.852724,67209812,43778048,23431764,35.10344590757076,62344160,1063132,280325756,72069362,1259046,306993354,6,h14,[2.84086796],2
h23,1150.387,0.0,47,2,10000000,16.242841,0.73585,5.781489,67209812,41680896,25528916,38.22375221046594,70667886,5596774,356590416,88535940,6078234,401607528,6,h14,[2.5950074],2
h24,431.159,0.0,78,3,10000000,27.471349,0.978078,16.591196,67209812,61603840,5605972,8.58084233296174,79005484,14314408,449910308,107168008,15099465,523875001,6,h10,[2.55422582],4
h25,1257.738,0.0,85,2,10000000,15.782918,0.718902,5.511418,67209812,39059456,28150356,42.12413508908491,88852720,27335262,566098290,125772814,28384675,678032490,6,h14,[2.3598628],2
h1,1305.06,0.0,128,3,10000000,16.543038,0.720464,5.535616,67209812,37224448,29985364,44.85440310411819,99329334,44970242,710397866,145151170,46627959,869811619,6,h14,[2.48471707],2
h6,1068.058,0.0,42,1,10000000,15.508116,0.697291,5.189751,67209812,35651584,31558228,47.19463283128957,109765352,70927316,891090534,164739788,73113693,1107665100,6,h14,[2.54553147],2
h3,209.299,0.0,47,2,10000000,34.697766,0.992999,21.548669,67209812,67371008,-161196,0.0,9752,1560347,1570099,9648,1563006,1572654,6,h14,0,5
h4,258.948,0.0,73,3,10000000,35.544499,0.994673,22.735413,67209812,67371008,-161196,0.0,10704,1562945,3143748,1932750,1572992,5078396,6,h10,[4.29810979],5
h5,328.681,0.0,98,4,10000000,28.285973,0.982109,17.473729,67209812,66846720,363092,0.7800765757237946,1436966,1570700,6151414,4010666,1584268,10673330,6,h10,[3.91216803],4
h7,387.964,0.0,69,3,10000000,25.637161,0.954759,13.444651,67209812,66060288,1149524,1.9501914393094864,5007524,1588293,12747231,6119482,1603432,18396244,6,h14,[3.64595081],4
h8,566.132,0.0,71,3,10000000,24.985252,0.96163,14.160068,67209812,65273856,1935956,3.1203063028951785,9154316,1609251,23510798,10109242,1632886,30138372,6,h10,[4.02665481],4
h9,1376.828,0.0,67,3,10000000,22.107049,0.909553,10.436069,67209812,63176704,4033108,6.240612605790357,14749494,1644468,39904760,14294820,1666625,46099817,6,h14,[3.98161277],3
h11,483.039,0.0,46,2,10000000,23.718779,0.945338,12.623106,67209812,61603840,5605972,8.58084233296174,21026206,1684200,62615166,20337714,1711329,68148860,6,h10,[3.80898528],3
h12,402.095,0.0,79,3,10000000,20.058804,0.922623,11.113872,67209812,58458112,8751700,13.261301787304507,28747002,1728442,93090610,26674736,1760207,96583803,6,h10,[3.59660267],3
h13,1283.065,0.0,66,3,10000000,19.424222,0.863681,8.654432,67209812,58195968,9013844,13.651340075166408,38604446,1781522,133476578,33006772,1807055,131397630,6,h14,[3.48509581],2
h21,1250.482,0.0,78,3,10000000,17.634056,0.839444,7.943721,67209812,54001664,13208148,19.891952680956763,49087312,1833162,184397052,41183478,1863285,174444393,6,h14,[3.53997477],2
h22,1233.37,0.0,78,3,10000000,17.754907,0.81982,7.44293,67209812,48758784,18451028,27.692718438194703,59572016,1887588,245856656,51475298,1928295,227847986,6,h14,[3.28941537],2
h23,1236.235,0.0,47,2,10000000,17.181693,0.813617,7.295942,67209812,49283072,17926740,26.91264186247092,69976390,1951510,317784556,63790756,2003770,293642512,6,h14,[3.04420462],2
h24,295.444,0.0,73,3,10000000,19.099006,0.910322,10.473122,67209812,57147392,10062420,15.211493226613996,80398104,2024646,400207306,78239898,2089315,373971725,6,h10,[2.50681124],3
h25,1129.979,0.0,46,2,10000000,17.055406,0.801928,7.031771,67209812,47710208,19499604,29.2528715896423,92355258,2120717,494683281,92972948,2181520,469126193,6,h14,[2.43889587],2
h1,627.864,0.0,78,3,10000000,16.990955,0.796089,6.9056,67209812,45875200,21334612,31.983139604675586,105044134,2230955,601958370,109642484,2288606,581057283,6,h14,[2.21768849],2
h2,679.266,0.0,111,4,10000000,19.674602,0.907297,10.329071,67209812,56623104,10586708,15.991569802337793,117521634,2366053,721846057,127929962,2417070,711404315,6,h10,[2.26061209],3
h6,1224.026,0.0,21,1,10000000,16.96708,0.787635,6.729171,67209812,44302336,22907476,34.32336933184696,131517130,2491991,855855178,146089724,2535228,860029267,6,h14,[2.40876927],2
h4,337.185,0.0,79,3,10000000,33.016467,0.987474,19.022031,67209812,67371008,-161196,0.0,9662,472695,482357,9774,475464,485238,6,h14,0,4
h5,307.091,0.0,94,4,10000000,36.622246,0.996023,24.004413,67209812,67371008,-161196,0.0,10614,475368,968339,1925980,485520,2896738,6,h10,[4.362708],5
h7,321.502,0.0,104,4,10000000,34.797497,0.992749,21.396228,67209812,67108864,100948,0.3900382878618973,1456558,482991,2907888,4021238,488340,7406316,6,h10,[3.96622982],5
h8,313.238,0.0,82,3,10000000,30.134762,0.983795,17.903636,67209812,66060288,1149524,1.9501914393094864,4960500,500051,8368439,6108522,490190,14005028,6,h10,[3.6343687],4
h9,1320.373,0.0,75,3,10000000,25.878156,0.960349,14.017505,67209812,66322432,887380,1.5601531514475893,10553714,527265,19449418,8202336,501018,22708382,6,h14,[3.96794157],4
h11,219.844,0.0,57,2,10000000,26.344484,0.971135,15.396287,67209812,62914560,4295252,6.630650893652254,16858704,567280,36875402,12165242,531799,35405423,6,h10,[3.96220746],4
h12,271.682,0.0,77,3,10000000,26.063986,0.96805,14.955269,67209812,60555264,6654548,10.14099548440933,24552736,612398,62040536,16413456,561227,52380106,6,h10,[3.80901845],4
h13,1217.076,0.0,51,2,10000000,20.135943,0.896509,9.850985,67209812,63438848,3770964,5.85057431792846,34317366,665784,97023686,20556832,598101,73535039,6,h14,[3.65739171],3
h21,1497.525,0.0,80,3,10000000,19.310637,0.85906,8.509654,67209812,57933824,9275988,14.041378363028304,44888502,723724,142635912,26688102,645395,100868536,6,h14,[3.57994279],2
h22,1307.39,0.0,73,3,10000000,17.736591,0.825383,7.579143,67209812,52953088,14256724,21.45210583240436,55376278,953352,198965542,34881490,1048933,136798959,6,h14,[3.51177763],2
h23,1276.251,0.0,48,2,10000000,17.063015,0.807423,7.153958,67209812,50331648,16878164,25.352488711023323,65780694,5490356,270236592,45086506,5810967,187696432,6,h14,[3.54363891],2
h24,268.181,0.0,80,3,10000000,22.080351,0.947321,12.783596,67209812,59506688,7703124,11.70114863585692,76298262,14538534,361073388,57504380,15115425,260316237,6,h10,[2.81149695],3
h25,1140.707,0.0,51,2,10000000,16.59157,0.792713,6.834275,67209812,48234496,18975316,28.472795013918507,88159646,27954600,477187634,70054958,28747597,359118792,6,h14,[2.53208494],2
h1,1047.595,0.0,80,3,10000000,16.76262,0.778907,6.554243,67209812,46137344,21072468,31.593101316813684,100852158,46061713,624101505,84701918,47103718,490924428,6,h14,[2.30681034],2
h2,1442.264,0.0,73,3,10000000,17.809781,0.772426,6.428775,67209812,44302336,22907476,34.32336933184696,113322508,68929831,806353844,101139060,70304328,662367816,6,h14,[2.16425031],2
h3,1275.296,0.0,48,2,10000000,16.494621,0.752379,6.06213,67209812,41680896,25528916,38.22375221046594,125918766,96197605,1028470215,119569652,97883932,879821400,6,h14,[2.18142663],2
h6,1119.237,0.0,25,1,10000000,16.538419,0.748138,5.988368,67209812,40108032,27101780,40.56398193763732,138371766,128166139,1295008120,138735142,130305398,1148861940,6,h14,[2.35353147],2
h5,284.105,0.0,49,2,10000000,32.758961,0.987784,19.130805,67209812,67371008,-161196,0.0,9710,1352746,1362456,9822,1398720,1408542,6,h14,0,4
h7,309.593,0.0,109,4,10000000,30.618415,0.990339,20.149859,67209812,67371008,-161196,0.0,10662,1356823,2729941,1932882,1408734,4750158,6,h10,[4.4026638],5
h8,261.668,0.0,77,3,10000000,28.839926,0.985589,18.413117,67209812,66846720,363092,0.7800765757237946,1435942,1364433,5530316,4015896,1419824,10185878,6,h10,[3.90881836],4
h9,238.042,0.0,46,2,10000000,26.023723,0.976944,16.372115,67209812,66060288,1149524,1.9501914393094864,4957110,1381395,11868821,6104112,1439076,17729066,6,h10,[3.64783167],4
h11,347.034,0.0,49,2,10000000,27.115124,0.969349,15.13555,67209812,62914560,4295252,6.630650893652254,10540380,1408833,23818034,8191764,1460260,27381090,6,h10,[3.92876255],4
h12,599.719,0.0,74,3,10000000,25.362105,0.963549,14.382937,67209812,60293120,6916692,10.531033772271227,18262760,1447656,43528450,10290162,1483570,39154822,6,h10,[3.95725755],4
h13,1253.512,0.0,49,2,10000000,25.868645,0.960487,14.032573,67209812,66322432,887380,1.5601531514475893,28024362,1492692,73045504,12388490,1504702,53048014,6,h14,[3.77055761],4
h21,1322.327,0.0,72,3,10000000,22.379483,0.915897,10.751904,67209812,63438848,3770964,5.85057431792846,38603438,1547908,113196850,16421458,1533352,71002824,6,h14,[3.6355596],3
h22,1289.35,0.0,76,3,10000000,19.351853,0.856077,8.418699,67209812,57671680,9538132,14.4314166508902,49083274,1779794,164059918,22506482,1915172,95424478,6,h14,[3.57863364],2
h23,1247.62,0.0,48,2,10000000,18.029353,0.827522,7.632662,67209812,52690944,14518868,21.842144120266248,59487690,6446424,229994032,30623050,6813162,132860690,6,h14,[3.61490727],2
h24,1380.585,0.0,78,3,10000000,16.351428,0.799412,6.976942,67209812,50069504,17140308,25.742526998885225,69975466,15408886,315378384,40935726,15995656,189792072,6,h14,[3.19360485],2
h25,1183.235,0.0,49,2,10000000,16.422467,0.780578,6.5872,67209812,47710208,19499604,29.2528715896423,80300116,28458428,424136928,53055068,29237804,272084944,6,h14,[3.14943322],2
h1,1181.699,0.0,72,3,10000000,16.67909,0.770735,6.396626,67209812,45613056,21596756,32.37317789253748,90951018,46231428,561319374,67915074,47265308,387265326,6,h14,[2.4941048],2
h2,1412.504,0.0,76,3,10000000,16.868588,0.758659,6.173688,67209812,44040192,23169620,34.71340761970886,101438864,68701364,731459602,84367760,70045030,541678116,6,h14,[2.22546845],2
h3,1281.994,0.0,48,2,10000000,16.261602,0.744563,5.927155,67209812,41418752,25791060,38.61379049832783,111909308,95492441,938861351,102682986,97071934,741433036,6,h14,[2.10081974],2
h4,256.183,0.0,68,3,10000000,21.733957,0.942912,12.434577,67209812,59244544,7965268,12.091186923718816,122411344,126746993,1188019688,122010610,128912928,992356574,6,h10,[2.31904258],3
h6,1011.923,0.0,21,1,10000000,16.812732,0.74753,5.977903,67209812,39845888,27363924,40.954020225499214,134229962,162498971,1484748621,140790856,164889694,1298037124,6,h14,[2.34853147],2
h7,338.461,0.0,27,3,10000000,31.724478,0.985274,18.319121,67209812,67108864,100948,0.3900382878618973,9942,67840,77782,9900,69870,79770,6,h14,0,4
h8,216.759,0.0,50,2,10000000,23.903251,0.937766,12.059719,67209812,65536000,1673812,2.730268015033281,10824,70031,158637,1880332,79394,2039496,6,h14,[4.28813154],3
h9,280.136,0.0,72,3,10000000,20.127228,0.879728,9.198362,67209812,62390272,4819540,7.41072746937605,11790,71704,242131,5912768,98772,8051036,6,h14,[4.03779367],2
h11,235.885,0.0,53,2,10000000,36.894133,0.995734,23.699794,67209812,67371008,-161196,0.0,12756,73525,328412,12008280,127510,20186826,6,h10,[4.06456811],5
h12,421.214,0.0,76,3,10000000,33.265469,0.990628,20.281822,67209812,67108864,100948,0.3900382878618973,1437430,81975,1847817,18288192,158372,38633390,6,h10,[3.9170026],5
h13,558.543,0.0,53,2,10000000,28.675409,0.977986,16.573014,67209812,65798144,1411668,2.340229727171384,4955984,101550,6905351,24560842,191345,63385577,6,h10,[3.78256403],4
h21,1456.989,0.0,77,3,10000000,18.933999,0.846839,8.148523,67209812,56885248,10324564,15.60153151447589,10578934,128716,17613001,30904702,221363,94511642,6,h14,[3.82778607],2
h22,1357.026,0.0,80,3,10000000,16.964907,0.786235,6.700628,67209812,52166656,15043156,22.622220695990045,16873804,164456,34651261,39102632,259441,133873715,6,h14,[3.75002805],2
h23,1252.569,0.0,52,2,10000000,18.182119,0.802165,7.036964,67209812,49283072,17926740,26.912641862470917,23166856,209900,58028017,49319778,306429,183499922,6,h14,[3.61398696],2
h24,1332.73,0.0,68,3,10000000,16.808777,0.774722,6.472808,67209812,46923776,20286036,30.422986453227992,29418672,263762,87710451,61735990,363127,245599039,6,h14,[3.14406727],2
h25,1302.181,0.0,45,2,10000000,16.651848,0.753527,6.082299,67209812,44564480,22645332,33.93333104398506,35751142,327348,123788941,76231062,430273,322260374,6,h14,[2.86216335],2
h1,1266.531,0.0,77,3,10000000,16.299451,0.742841,5.897983,67209812,42467328,24742484,37.053637346880244,42044194,399466,166232601,92882906,502508,415645788,6,h14,[2.70243615],2
h2,307.12,0.0,116,4,10000000,26.424536,0.965549,14.628002,67209812,62652416,4557396,7.020689181514152,48287230,478891,214998722,110960372,585310,527191470,6,h10,[2.54521246],4
h3,590.541,0.0,114,4,10000000,25.107506,0.962026,14.205098,67209812,60030976,7178836,10.921072060133124,56054006,572743,271625471,129258326,668030,657117826,6,h10,[2.52988969],4
h4,474.928,0.0,74,3,10000000,25.221508,0.958653,13.83557,67209812,59244544,7965268,12.091186923718816,65810332,679953,338115756,147456674,751256,805325756,6,h10,[2.81521508],4
h5,1307.538,0.0,45,2,10000000,16.3975,0.739132,5.83579,67209812,40370176,26839636,40.173943649775424,77641894,801189,416558839,166034208,835074,972195038,6,h14,[2.54187671],2
h6,1410.419,0.0,23,1,10000000,16.163321,0.732131,5.720779,67209812,38535168,28674644,42.904211664808706,90185564,934117,507678520,184684928,931492,1157811458,6,h14,[2.46562671],2
